Data/Hora InclusÃ£o,hex_data,protocol,message_type,serial,parser_result
2025-09-30 00:03:52.251,78780A1341040300010124F5EE0D0A,GT06,Heartbeat,0101,N/A
2025-09-30 00:07:52.348,78780A1341040300010125E4670D0A,GT06,Heartbeat,0101,N/A
2025-09-30 00:11:52.450,78780A1341040300010126D6FC0D0A,GT06,Heartbeat,0101,N/A
2025-09-30 00:15:52.541,78780A1341040300010127C7750D0A,GT06,Heartbeat,0101,N/A
2025-09-30 00:19:52.637,78780A13410403000101283F820D0A,GT06,Heartbeat,0101,N/A
2025-09-30 00:23:52.739,78780A13410403000101292E0B0D0A,GT06,Heartbeat,0101,N/A
2025-09-30 00:27:52.839,78780A134104030001012A1C900D0A,GT06,Heartbeat,0101,N/A
2025-09-30 00:31:52.942,78780A134104030001012B0D190D0A,GT06,Heartbeat,0101,N/A
2025-09-30 00:35:53.859,78780A134104030001012C79A60D0A,GT06,Heartbeat,0101,N/A
2025-09-30 00:36:27.043,78782F3219091E03240CCA021F2C2404E6BD1800180E02D422EC15006201070000000000000000000007F43D422D012DBBB50D0A,GT06,Alarm,2D01,N/A
2025-09-30 00:39:53.119,78780A134104030001012E5AB40D0A,GT06,Heartbeat,0101,N/A
2025-09-30 00:43:53.245,78780A134104030001012F4B3D0D0A,GT06,Heartbeat,0101,N/A
2025-09-30 00:47:53.324,78780A1341040300010130A34B0D0A,GT06,Heartbeat,0101,N/A
2025-09-30 00:51:54.050,78780A1341030300010131AE130D0A,GT06,Heartbeat,0101,N/A
2025-09-30 00:55:53.519,78780A13410303000101329C880D0A,GT06,Heartbeat,0101,N/A
2025-09-30 00:59:53.618,78780A13410303000101338D010D0A,GT06,Heartbeat,0101,N/A
2025-09-30 01:03:53.679,78780A1341030300010134F9BE0D0A,GT06,Heartbeat,0101,N/A
2025-09-30 01:07:53.818,78780A1341030300010135E8370D0A,GT06,Heartbeat,0101,N/A
2025-09-30 01:11:53.892,78780A1341030300010136DAAC0D0A,GT06,Heartbeat,0101,N/A
2025-09-30 01:15:53.992,78780A1341020300010137CF0E0D0A,GT06,Heartbeat,0101,N/A
2025-09-30 01:19:54.095,78780A134102030001013837F90D0A,GT06,Heartbeat,0101,N/A
2025-09-30 01:23:54.187,78780A134102030001013926700D0A,GT06,Heartbeat,0101,N/A
2025-09-30 01:27:54.307,78780A134101030001013A18960D0A,GT06,Heartbeat,0101,N/A
2025-09-30 01:31:55.053,78780A134101030001013B091F0D0A,GT06,Heartbeat,0101,N/A
2025-10-01 07:25:57.977,78780D0108694120745767910000FF7A0D0A,GT06,Login,9100,N/A
2025-10-01 07:25:59.981,78780A13460404000100016D5D0D0A,GT06,Heartbeat,0100,N/A
2025-10-01 07:26:00.993,7878291619091E042128C6021F2D2C04E6BBE8001800080000000000000000470400FE0100000000000290030D0A,GT06,GPS Location,0000,N/A
2025-10-01 07:26:01.994,78780A13460404000100034E4F0D0A,GT06,Heartbeat,0100,N/A
2025-10-01 07:31:49.112,78780D0108694120745767910005A8D70D0A,GT06,Login,9100,N/A
2025-10-01 07:31:51.103,78780A13460504000100061DC90D0A,GT06,Heartbeat,0100,N/A
2025-10-01 07:35:57.292,78780A13460504000100070C400D0A,GT06,Heartbeat,0100,N/A
2025-10-01 07:39:57.389,78780A1346050400010008F4B70D0A,GT06,Heartbeat,0100,N/A
2025-10-01 07:43:51.752,78780A1346050400010009E53E0D0A,GT06,Heartbeat,0100,N/A
2025-10-01 07:49:39.530,78780D010869412074576791000C35160D0A,GT06,Login,9100,N/A
2025-10-01 07:49:41.531,78780A134405040001000D94A10D0A,GT06,Heartbeat,0100,N/A
2025-10-01 07:49:42.504,78782916190A010A2E33CC021F2F5404E6BF100018E20802D417D3792E7D15440504FF0100000000000AE65A0D0A,GT06,GPS Location,0000,N/A
2025-10-01 07:49:53.123,78780A134505040001000E39EF0D0A,GT06,Heartbeat,0100,N/A
2025-10-01 07:50:13.146,78780A134505040001000F28660D0A,GT06,Heartbeat,0100,N/A
2025-10-01 07:54:11.684,78780A1345060400010010CC6D0D0A,GT06,Heartbeat,0100,N/A
2025-10-01 07:58:11.782,78780A1345060400010011DDE40D0A,GT06,Heartbeat,0100,N/A
2025-10-01 08:02:11.920,78780A1345060400010012EF7F0D0A,GT06,Heartbeat,0100,N/A
2025-10-01 08:06:18.011,78780A1345060400010013FEF60D0A,GT06,Heartbeat,0100,N/A
2025-10-01 08:11:17.075,78780D0108694120745767910015B8560D0A,GT06,Login,9100,N/A
2025-10-01 08:11:19.078,78780A1345060400010016A95B0D0A,GT06,Heartbeat,0100,N/A
2025-10-01 08:15:19.243,78780A1345060400010017B8D20D0A,GT06,Heartbeat,0100,N/A
2025-10-01 08:19:19.345,78780A134506040001001840250D0A,GT06,Heartbeat,0100,N/A
2025-10-01 08:23:19.442,78780A134506040001001951AC0D0A,GT06,Heartbeat,0100,N/A
2025-10-01 08:27:19.520,78780A134506040001001A63370D0A,GT06,Heartbeat,0100,N/A
2025-10-01 08:32:17.608,78780D010869412074576791001C25970D0A,GT06,Login,9100,N/A
2025-10-01 08:32:19.610,78780A134506040001001D17880D0A,GT06,Heartbeat,0100,N/A
2025-10-01 08:36:19.769,78780A134506040001001E25130D0A,GT06,Heartbeat,0100,N/A
2025-10-01 08:40:35.890,78780A134506040001001F349A0D0A,GT06,Heartbeat,0100,N/A
2025-10-01 08:44:19.927,78780A1345060400010020FDEE0D0A,GT06,Heartbeat,0100,N/A
2025-10-01 08:47:10.082,78782F32190A010B2E33CC021F2F5404E6BF100018E202D417D379042E7D150000000000000004F60007F9AE422D0021CF5B0D0A,GT06,Alarm,2D00,N/A
2025-10-01 08:47:10.220,78782F32190A010B2E33CC021F2F5404E6BF100018E202D417D379042E7D150000000000000004F60007F9AE422D0021CF5B0D0A,GT06,Alarm,2D00,N/A
2025-10-01 08:48:20.077,78780A1345060400010022DEFC0D0A,GT06,Heartbeat,0100,N/A
2025-10-01 08:53:03.161,78780D0108694120745767910024985C0D0A,GT06,Login,9100,N/A
2025-10-01 08:53:05.125,78780A1345060400010025AA430D0A,GT06,Heartbeat,0100,N/A
2025-10-01 08:57:05.281,78780A134506040001002698D80D0A,GT06,Heartbeat,0100,N/A
2025-10-01 09:01:05.898,78780A134506040001002789510D0A,GT06,Heartbeat,0100,N/A
2025-10-01 09:05:22.033,78780A134506040001002871A60D0A,GT06,Heartbeat,0100,N/A
2025-10-01 09:09:06.284,78780A1345060400010029602F0D0A,GT06,Heartbeat,0100,N/A
2025-10-01 09:13:48.636,78780D010869412074576791002B60AB0D0A,GT06,Login,9100,N/A
2025-10-01 09:13:50.628,78780A134506040001002C37820D0A,GT06,Heartbeat,0100,N/A
2025-10-01 09:17:50.818,78780A134506040001002D260B0D0A,GT06,Heartbeat,0100,N/A
2025-10-01 09:21:50.940,78780A134506040001002E14900D0A,GT06,Heartbeat,0100,N/A
2025-10-01 09:25:57.015,78782916190A010C1925CC021F2F5404E6BF100018E20802D417D3792E7D15470604FE0100000000002FF9A40D0A,GT06,GPS Location,0000,N/A
2025-10-01 09:25:57.188,78780A1347060400010030DAD40D0A78780A134606040001003154880D0A78782916190A010C1925CC021F2F5404E6BF100018E20802D417D3792E7D15470604FE0100000000002FF9A40D0A78780A134606040001003266130D0A,GT06,Heartbeat,0100,N/A
2025-10-01 09:27:54.081,78782916190A010C1B34CB021F2C3C04E6C6500019100802D417D3792E7D15440604FF01000000000033B9EA0D0A,GT06,GPS Location,0000,N/A
2025-10-01 09:27:55.011,78780A1344060400010034349E0D0A,GT06,Heartbeat,0100,N/A
2025-10-01 09:28:53.116,78782F32190A010C1C34CB021F2C3C04E6C65000191002D417D379042E7D1500000000000000050A0007FA33422D0035F53C0D0A,GT06,Alarm,2D00,N/A
2025-10-01 09:29:51.135,78780A1344060400010036178C0D0A,GT06,Heartbeat,0100,N/A
2025-10-01 09:34:34.135,78780D010869412074576791003953380D0A,GT06,Login,9100,N/A
2025-10-01 09:34:36.127,78780A134506040001003A42350D0A,GT06,Heartbeat,0100,N/A
2025-10-01 09:38:36.325,78780A134506040001003B53BC0D0A,GT06,Heartbeat,0100,N/A
2025-10-01 09:42:36.437,78780A134506040001003C27030D0A,GT06,Heartbeat,0100,N/A
2025-10-01 09:46:36.519,78780A134506040001003D368A0D0A,GT06,Heartbeat,0100,N/A
2025-10-01 09:51:48.586,78780D0108694120745767910040BD7E0D0A,GT06,Login,9100,N/A
2025-10-01 09:51:50.587,78780A13450604000100418F610D0A,GT06,Heartbeat,0100,N/A
2025-10-01 09:55:50.784,78780A1345060400010042BDFA0D0A,GT06,Heartbeat,0100,N/A
2025-10-01 09:59:53.900,78780A1345060400010043AC730D0A,GT06,Heartbeat,0100,N/A
2025-10-01 10:00:50.975,78782916190A010D0031CB021F2C3C04E6C6500019100802D417D3792E7D15470604FE01000000000044DC310D0A,GT06,GPS Location,0000,N/A
2025-10-01 10:00:51.821,78780A1347060400010045FEFE0D0A,GT06,Heartbeat,0100,N/A
2025-10-01 10:00:53.815,78780A134606040001004653B00D0A,GT06,Heartbeat,0100,N/A
2025-10-01 10:03:51.086,78780A134606040001004742390D0A,GT06,Heartbeat,0100,N/A
2025-10-01 10:05:21.031,78782916190A010D050DCC021F2B7404E6C5D00018DC0802D417D3792E7D15440604FF0100000000004837D70D0A,GT06,GPS Location,0000,N/A
2025-10-01 10:05:21.112,78780A13440604000100499CFC0D0A,GT06,Heartbeat,0100,N/A
2025-10-01 10:06:15.171,78782F32190A010D060DCC021F2B7404E6C5D00018DC02D417D379042E7D150000000000000005280007FB3B422D004A0A400D0A,GT06,Alarm,2D00,N/A
2025-10-01 10:07:51.062,78780A134406040001004BBFEE0D0A,GT06,Heartbeat,0100,N/A
2025-10-01 10:08:21.094,78780A134506040001004C54840D0A,GT06,Heartbeat,0100,N/A
2025-10-01 10:12:34.125,78780D010869412074576791004E54000D0A,GT06,Login,9100,N/A
2025-10-01 10:12:36.143,78780A134506040001004F661F0D0A,GT06,Heartbeat,0100,N/A
2025-10-01 10:16:42.333,78780A13450604000100508E690D0A,GT06,Heartbeat,0100,N/A
2025-10-01 10:20:52.402,78780A13450604000100519FE00D0A,GT06,Heartbeat,0100,N/A
2025-10-01 10:24:36.519,78780A1345060400010052AD7B0D0A,GT06,Heartbeat,0100,N/A
2025-10-01 10:28:36.621,78780A1345060400010053BCF20D0A,GT06,Heartbeat,0100,N/A
2025-10-01 10:33:19.640,78780D0108694120745767910055FA520D0A,GT06,Login,9100,N/A
2025-10-01 10:33:21.647,78780A1345060300010056DB830D0A,GT06,Heartbeat,0100,N/A
2025-10-01 10:37:22.436,78780A1345060200010057C14E0D0A,GT06,Heartbeat,0100,N/A
2025-10-01 10:41:21.895,78780A134506040001005802210D0A,GT06,Heartbeat,0100,N/A
2025-10-01 10:45:22.095,78780A134506030001005923740D0A,GT06,Heartbeat,0100,N/A
2025-10-01 10:49:22.620,78780A134506040001005A21330D0A,GT06,Heartbeat,0100,N/A
2025-10-01 10:54:55.243,78780D010869412074576791005C67930D0A,GT06,Login,9100,N/A
2025-10-01 10:54:57.182,78780A134506030001005D65500D0A,GT06,Heartbeat,0100,N/A
2025-10-01 10:59:40.300,78780D010869412074576791005F55080D0A,GT06,Login,9100,N/A
2025-10-01 10:59:42.333,78780A1345060400010060BFEA0D0A,GT06,Heartbeat,0100,N/A
2025-10-01 11:03:42.544,78780A1345060400010061AE630D0A,GT06,Heartbeat,0100,N/A
2025-10-01 11:05:16.651,78782F32190A010E050DCC021F2B7404E6C5D00018DC02D4059DF505A58C040000000000000004E20007FB3B422D0062781C0D0A,GT06,Alarm,2D00,N/A
2025-10-01 11:07:42.584,78780A13450604000100638D710D0A,GT06,Heartbeat,0100,N/A
2025-10-01 11:11:42.677,78780A1345060400010064F9CE0D0A,GT06,Heartbeat,0100,N/A
2025-10-01 11:15:42.834,78780A1345060400010065E8470D0A,GT06,Heartbeat,0100,N/A
2025-10-01 11:20:26.838,78780D0108694120745767910067E8C30D0A,GT06,Login,9100,N/A
2025-10-01 11:20:28.914,78780A1345060300010068037E0D0A,GT06,Heartbeat,0100,N/A
2025-10-01 11:24:29.934,78780A134506020001006919B30D0A,GT06,Heartbeat,0100,N/A
2025-10-01 11:28:43.885,78780A134506020001006A2B280D0A,GT06,Heartbeat,0100,N/A
2025-10-01 11:32:31.574,78780A134506020001006B3AA10D0A,GT06,Heartbeat,0100,N/A
2025-10-01 11:36:29.304,78780A134506020001006C4E1E0D0A,GT06,Heartbeat,0100,N/A
2025-10-01 11:40:29.571,78780A134506020001006D5F970D0A,GT06,Heartbeat,0100,N/A
2025-10-01 11:45:12.457,78780D010869412074576791006F648B0D0A,GT06,Login,9100,N/A
2025-10-01 11:45:14.455,78780A1345060400010070AF6B0D0A,GT06,Heartbeat,0100,N/A
2025-10-01 11:49:14.682,78780A1345060400010071BEE20D0A,GT06,Heartbeat,0100,N/A
2025-10-01 11:53:14.933,78780A13450604000100728C790D0A,GT06,Heartbeat,0100,N/A
2025-10-01 11:57:14.819,78780A13450604000100739DF00D0A,GT06,Heartbeat,0100,N/A
2025-10-01 12:01:14.944,78780A1345060300010074D9930D0A,GT06,Heartbeat,0100,N/A
2025-10-01 12:06:17.527,78780D0108694120745767910076E9CB0D0A,GT06,Login,9100,N/A
2025-10-01 12:06:19.062,78780A1345060100010077FD800D0A,GT06,Heartbeat,0100,N/A
2025-10-01 12:06:20.083,78782F32190A010F050DCC021F2B7404E6C5D00018DC02D4028405037B4E0A0000000000000004EC0007FB3B422D00782F7A0D0A,GT06,Alarm,2D00,N/A
2025-10-01 12:10:49.173,78780A134506040001007932AA0D0A,GT06,Heartbeat,0100,N/A
2025-10-01 12:10:49.607,78780A134506020001007A3BA90D0A,GT06,Heartbeat,0100,N/A
2025-10-01 12:14:48.775,78780A134506040001007B11B80D0A,GT06,Heartbeat,0100,N/A
2025-10-01 12:18:57.841,78780A134506020001007C5E9F0D0A,GT06,Heartbeat,0100,N/A
2025-10-01 12:22:48.690,78780A134506030001007D44520D0A,GT06,Heartbeat,0100,N/A
2025-10-01 12:27:32.009,78780D010869412074576791007F740A0D0A,GT06,Login,9100,N/A
2025-10-01 12:27:35.000,78780A134506030001008068380D0A,GT06,Heartbeat,0100,N/A
2025-10-01 12:31:34.229,78780A134506020001008172F50D0A,GT06,Heartbeat,0100,N/A
2025-10-01 12:37:40.807,78780D01086941207457679100843D560D0A,GT06,Login,9100,N/A
2025-10-01 12:38:11.736,78780A134506020001008534D10D0A,GT06,Heartbeat,0100,N/A
2025-10-01 12:41:55.957,78780D01086941207457679100870FCD0D0A,GT06,Login,9100,N/A
2025-10-01 12:41:58.038,78780A1345060200010088EF340D0A,GT06,Heartbeat,0100,N/A
2025-10-01 12:49:10.048,78780D010869412074576791008AD4280D0A,GT06,Login,9100,N/A
2025-10-01 12:49:12.039,78780A134506030001008BD6EB0D0A,GT06,Heartbeat,0100,N/A
2025-10-01 12:53:12.982,78780A134506000001008CBF980D0A,GT06,Heartbeat,0100,N/A
2025-10-01 12:57:12.847,78780A134506030001008DB3DD0D0A,GT06,Heartbeat,0100,N/A
2025-10-01 13:01:19.690,78780A134506020001008E8A020D0A,GT06,Heartbeat,0100,N/A
2025-10-01 13:06:38.634,78780A134506000001008F8D030D0A78782F32190A0110050DCC021F2B7404E6C5D00018DC0000000000000000000000000000000004EC0007FB3B422D009040270D0A78782F32190A0110050DCC021F2B7404E6C5D00018DC0000000000000000000000000000000004EC0007FB3B422D009040270D0A78782F32190A0110050DCC021F2B7404E6C5D00018DC0000000000000000000000000000000004EC0007FB3B422D009040270D0A78780A134506000001009174FC0D0A,GT06,Heartbeat,0100,N/A
2025-10-01 13:08:14.538,78780D010869412074576791009248E10D0A,GT06,Login,9100,N/A
2025-10-01 13:08:16.531,78780A134506020001009341660D0A,GT06,Heartbeat,0100,N/A
2025-10-01 13:08:17.571,78782F32190A0110050DCC021F2B7404E6C5D00018DC0000000000000000000000000000000004EC0007FB3B422D009040270D0A,GT06,Alarm,2D00,N/A
2025-10-01 13:12:09.732,78780A13450604000100940E410D0A,GT06,Heartbeat,0100,N/A
2025-10-01 13:16:09.778,78780A13450603000100952F140D0A,GT06,Heartbeat,0100,N/A
2025-10-01 13:20:28.980,78780A134506020001009616CB0D0A,GT06,Heartbeat,0100,N/A
2025-10-01 13:24:10.104,78780A13450604000100973CDA0D0A,GT06,Heartbeat,0100,N/A
2025-10-01 13:38:41.202,78780D010869412074576791000962BB0D0A,GT06,Login,9100,N/A
2025-10-01 13:38:43.267,78780A134506040001000A73B60D0A,GT06,Heartbeat,0100,N/A
2025-10-01 13:42:43.785,78780A134506040001000B623F0D0A,GT06,Heartbeat,0100,N/A
2025-10-01 13:46:45.180,78780A134506030001000C265C0D0A,GT06,Heartbeat,0100,N/A
2025-10-01 14:01:17.372,78780D0108694120745767910000FF7A0D0A,GT06,Login,9100,N/A
2025-10-01 14:01:17.804,78780A1345060300010001FDB90D0A,GT06,Heartbeat,0100,N/A
2025-10-01 14:01:51.023,78782F32190A01110132CC021F2B7404E6C5D000180002D405BFEF05583A080000000000000004EC0007FB3B422D0002D9E60D0A,GT06,Alarm,2D00,N/A
2025-10-01 14:06:00.794,78780A1345060300010003DEAB0D0A,GT06,Heartbeat,0100,N/A
2025-10-01 14:06:01.061,78780A1345060300010004AA140D0A78782F32190A0111053ACC021F2B7404E6C5D000180002D4059CC70557641E0000000000000004E20007FB3B422D0005B4190D0A,GT06,Heartbeat,0100,N/A
2025-10-01 14:06:09.975,78782F32190A0111053ACC021F2B7404E6C5D000180002D4059CC70557641E0000000000000004E20007FB3B422D0005B4190D0A,GT06,Alarm,2D00,N/A
2025-10-01 14:09:48.049,78780A1345060400010006B9DA0D0A,GT06,Heartbeat,0100,N/A
2025-10-01 14:13:48.582,78780A1345060400010007A8530D0A,GT06,Heartbeat,0100,N/A
2025-10-01 14:17:52.191,78780A134506040001000850A40D0A,GT06,Heartbeat,0100,N/A
2025-10-01 14:21:52.320,78780A1345060400010009412D0D0A,GT06,Heartbeat,0100,N/A
2025-10-01 14:26:32.318,78780D010869412074576791000B41A90D0A,GT06,Login,9100,N/A
2025-10-01 14:26:34.310,78780A134506030001000C265C0D0A,GT06,Heartbeat,0100,N/A
2025-10-01 14:30:35.584,78780A134506030001000D37D50D0A,GT06,Heartbeat,0100,N/A
2025-10-01 14:34:34.749,78780A134506040001000E35920D0A,GT06,Heartbeat,0100,N/A
2025-10-01 14:38:34.693,78780A134506040001000F241B0D0A,GT06,Heartbeat,0100,N/A
2025-10-01 14:42:35.129,78780A1345060400010010CC6D0D0A,GT06,Heartbeat,0100,N/A
2025-10-01 14:46:34.899,78780A1345060400010011DDE40D0A,GT06,Heartbeat,0100,N/A
2025-10-01 14:50:35.404,78780A1345060400010012EF7F0D0A,GT06,Heartbeat,0100,N/A
2025-10-01 14:54:35.699,78780A1345060400010013FEF60D0A,GT06,Heartbeat,0100,N/A
2025-10-01 14:58:35.842,78780A13450604000100148A490D0A,GT06,Heartbeat,0100,N/A
2025-10-01 15:03:21.196,78780D01086941207457679100168ACD0D0A,GT06,Login,9100,N/A
2025-10-01 15:03:23.298,78780A1345060300010017880E0D0A,GT06,Heartbeat,0100,N/A
2025-10-01 15:06:03.014,78782F32190A0112053ACC021F2B7404E6C5D000180002D405C17F0558710E0000000000000004EC0007FB3B422D0018D7430D0A,GT06,Alarm,2D00,N/A
2025-10-01 15:10:14.368,78780D010869412074576791001E06850D0A,GT06,Login,9100,N/A
2025-10-01 15:10:16.384,78780A134506040001001F349A0D0A,GT06,Heartbeat,0100,N/A
2025-10-01 15:14:16.824,78780A1345060300010020CD320D0A,GT06,Heartbeat,0100,N/A
2025-10-01 15:20:12.885,78780D0108694120745767910023ECE30D0A,GT06,Login,9100,N/A
2025-10-01 15:20:14.845,78780A13450603000100248B160D0A,GT06,Heartbeat,0100,N/A
2025-10-01 15:23:45.626,78780A13450603000100259A9F0D0A,GT06,Heartbeat,0100,N/A
2025-10-01 15:27:44.981,78780A1345060300010026A8040D0A,GT06,Heartbeat,0100,N/A
2025-10-01 15:31:45.067,78780A134506040001002789510D0A,GT06,Heartbeat,0100,N/A
2025-10-01 15:35:45.234,78780A134506040001002871A60D0A,GT06,Heartbeat,0100,N/A
2025-10-01 15:39:45.272,78780A1345060400010029602F0D0A,GT06,Heartbeat,0100,N/A
2025-10-01 15:44:29.266,78780D010869412074576791002B60AB0D0A,GT06,Login,9100,N/A
2025-10-01 15:44:31.250,78780A134506040001002C37820D0A,GT06,Heartbeat,0100,N/A
2025-10-01 15:49:16.248,78780D010869412074576791002E37060D0A,GT06,Login,9100,N/A
2025-10-01 15:49:19.232,78780A134506010001002F234D0D0A,GT06,Heartbeat,0100,N/A
2025-10-01 15:54:02.553,78780D0108694120745767910031DF700D0A,GT06,Login,9100,N/A
2025-10-01 15:54:04.588,78780A1345060200010032F5E50D0A,GT06,Heartbeat,0100,N/A
2025-10-01 15:59:46.705,78780D010869412074576791003599540D0A,GT06,Login,9100,N/A
2025-10-01 15:59:48.703,78780A134506040001003688590D0A,GT06,Heartbeat,0100,N/A
2025-10-01 16:03:18.903,78780A1345060300010037A90C0D0A,GT06,Heartbeat,0100,N/A
2025-10-01 16:06:03.019,78782F32190A0113053ACC021F2B7404E6C5D000180002D4059CC70557380A0000000000000004EC0007FB3B422D0038DE030D0A,GT06,Alarm,2D00,N/A
2025-10-01 16:07:18.960,78780A134506030001003940720D0A,GT06,Heartbeat,0100,N/A
2025-10-01 16:12:01.920,78780D010869412074576791003B702A0D0A,GT06,Login,9100,N/A
2025-10-01 16:12:03.909,78780A134506040001003C27030D0A,GT06,Heartbeat,0100,N/A
2025-10-01 16:16:04.165,78780A134506040001003D368A0D0A,GT06,Heartbeat,0100,N/A
2025-10-01 16:17:08.247,78782916190A01131103C6021F2B7404E6C5D00018000802D4059CC7573806470604FE0100000000003E9DDB0D0A,GT06,GPS Location,0000,N/A
2025-10-01 16:17:09.034,78780A134706040001003F22230D0A,GT06,Heartbeat,0100,N/A
2025-10-01 16:17:11.459,78780A134606040001004036860D0A,GT06,Heartbeat,0100,N/A
2025-10-01 16:20:04.311,78780A1346060400010041270F0D0A,GT06,Heartbeat,0100,N/A
2025-10-01 16:21:21.335,78782916190A01131514C9024F7C6404E909800018000802D4059CC7573806440604FF0100000000004288FA0D0A,GT06,GPS Location,0000,N/A
2025-10-01 16:21:22.214,78780A134406040001004333A60D0A,GT06,Heartbeat,0100,N/A
2025-10-01 16:21:49.359,78782916190A01131530C9024F7C6404E909800018000802D4059CC7573806460604FE0100000000004482240D0A,GT06,GPS Location,0000,N/A
2025-10-01 16:21:50.221,78780A1346060400010045612B0D0A,GT06,Heartbeat,0100,N/A
2025-10-01 16:21:56.229,78782916190A01131537C9024F7C5004E909880018000802D4059CC7573806440604FF0100000000004623BF0D0A,GT06,GPS Location,0000,N/A
2025-10-01 16:21:57.620,78780A134406040001004775820D0A,GT06,Heartbeat,0100,N/A
2025-10-01 16:22:55.356,78782F32190A01131636C9024F7C5004E9098800180002D4059CC70557380600000000000000050A0007FC3F422D0048DA570D0A,GT06,Alarm,2D00,N/A
2025-10-01 16:24:04.372,78780A13440604000100499CFC0D0A,GT06,Heartbeat,0100,N/A
2025-10-01 16:24:25.410,78782916190A01131818C9024F7C5004E909880018000802D4059CC7573806460604FE0100000000004AD5D60D0A,GT06,GPS Location,0000,N/A
2025-10-01 16:24:26.253,78780A134606040001004B88550D0A,GT06,Heartbeat,0100,N/A
2025-10-01 16:24:42.450,78782916190A01131829C9024F7C5004E909880018000802D4059CC7573806440604FF0100000000004CB0820D0A,GT06,GPS Location,0000,N/A
2025-10-01 16:24:43.323,78780A134406040001004DDAD80D0A,GT06,Heartbeat,0100,N/A
2025-10-01 16:24:56.506,78782916190A01131837C9024F7C5004E909880018000802D4059CC7573806460604FE0100000000004E05180D0A,GT06,GPS Location,0000,N/A
2025-10-01 16:24:57.334,78780A134606040001004FCE710D0A,GT06,Heartbeat,0100,N/A
2025-10-01 16:28:04.547,78780A134606040001005026070D0A,GT06,Heartbeat,0100,N/A
2025-10-01 16:32:48.621,78780D01086941207457679100528EED0D0A,GT06,Login,9100,N/A
2025-10-01 16:32:51.648,78780A134606030001005324400D0A,GT06,Heartbeat,0100,N/A
2025-10-01 16:36:51.895,78780A134606040001005460230D0A,GT06,Heartbeat,0100,N/A
2025-10-01 16:40:52.231,78780A134606040001005571AA0D0A,GT06,Heartbeat,0100,N/A
2025-10-01 16:44:52.075,78780A134606040001005643310D0A,GT06,Heartbeat,0100,N/A
2025-10-01 16:49:35.022,78780D010869412074576791005821B70D0A,GT06,Login,9100,N/A
2025-10-01 16:49:37.028,78780A13460603000100598B1A0D0A,GT06,Heartbeat,0100,N/A
2025-10-01 16:53:37.228,78780A134606030001005AB9810D0A,GT06,Heartbeat,0100,N/A
2025-10-01 16:59:19.247,78780D010869412074576791005D761A0D0A,GT06,Login,9100,N/A
2025-10-01 16:59:21.304,78780A134606030001005EFFA50D0A,GT06,Heartbeat,0100,N/A
2025-10-01 17:02:51.469,78780A134606030001005FEE2C0D0A,GT06,Heartbeat,0100,N/A
2025-10-01 17:06:51.586,78780A13460602000100602C1C0D0A,GT06,Heartbeat,0100,N/A
2025-10-01 17:10:53.093,78780A134606030001006136D10D0A,GT06,Heartbeat,0100,N/A
2025-10-01 17:14:51.743,78780A1346060300010062044A0D0A,GT06,Heartbeat,0100,N/A
2025-10-01 17:18:52.743,78780A134606030001006315C30D0A,GT06,Heartbeat,0100,N/A
2025-10-01 17:22:52.857,78780A1346060300010064617C0D0A,GT06,Heartbeat,0100,N/A
2025-10-01 17:24:58.909,78782F32190A01141838CB024F7BCC04E9092000989002D4059CC7055738A40100000000000004CE00080A60422D00659F010D0A,GT06,Alarm,2D00,N/A
2025-10-01 17:26:52.028,78780A1346060300010066426E0D0A,GT06,Heartbeat,0100,N/A
2025-10-01 17:30:56.579,78780A134606030001006753E70D0A,GT06,Heartbeat,0100,N/A
2025-10-01 17:34:54.135,78780A1346060300010068AB100D0A,GT06,Heartbeat,0100,N/A
2025-10-01 17:38:54.211,78780A1346060300010069BA990D0A,GT06,Heartbeat,0100,N/A
2025-10-01 17:42:55.256,78780A134606030001006A88020D0A,GT06,Heartbeat,0100,N/A
2025-10-01 17:46:53.656,78780A134606030001006B998B0D0A,GT06,Heartbeat,0100,N/A
2025-10-01 18:04:40.316,78780D0108694120745767910000FF7A0D0A,GT06,Login,9100,N/A
2025-10-01 18:04:42.552,78780A1345060300010001FDB90D0A,GT06,Heartbeat,0100,N/A
2025-10-01 18:04:44.645,78782916190A0114372DCB024F7C9C04E909E000184E0802D4059CC75738A4440603FF010000000000028D050D0A,GT06,GPS Location,0000,N/A
2025-10-01 18:04:47.257,78782916190A01143732C6024F7C9C04E909E0001800080000000000000000460600FE010000000000031DF60D0A,GT06,GPS Location,0000,N/A
2025-10-01 18:04:48.563,78782916190A01143803C6024F7C9C04E909E00018000802D4059CC757380A440603FF01000000000004273F0D0A,GT06,GPS Location,0000,N/A
2025-10-01 18:05:19.787,78782F32190A01150511C6024F7C9C04E909E000180002D4059CC7055738A40000000000000004D8000811A5422D0005FFC50D0A,GT06,Alarm,2D00,N/A
2025-10-01 18:08:43.380,78780A134506030001000689060D0A,GT06,Heartbeat,0100,N/A
2025-10-01 18:12:43.016,78780A1345060300010007988F0D0A,GT06,Heartbeat,0100,N/A
2025-10-01 18:16:43.099,78780A134506030001000860780D0A,GT06,Heartbeat,0100,N/A
2025-10-01 18:20:43.232,78780A134506030001000971F10D0A,GT06,Heartbeat,0100,N/A
2025-10-01 18:24:43.355,78780A134506030001000A436A0D0A,GT06,Heartbeat,0100,N/A
2025-10-01 18:37:17.344,78780D0108694120745767910000FF7A0D0A,GT06,Login,9100,N/A
2025-10-01 18:37:19.380,78780A1345060300010001FDB90D0A,GT06,Heartbeat,0100,N/A
2025-10-01 18:37:58.512,78782F32190A01152539C6024F7C9C04E909E000180002D4059CC7055738A40000000000000004E2000811A5422D0002FABD0D0A,GT06,Alarm,2D00,N/A
2025-10-01 18:42:04.482,78780D0108694120745767910004B95E0D0A,GT06,Login,9100,N/A
2025-10-01 18:42:06.495,78780A1345060300010005BB9D0D0A,GT06,Heartbeat,0100,N/A
2025-10-01 18:46:06.689,78780A134506030001000689060D0A,GT06,Heartbeat,0100,N/A
2025-10-01 18:50:07.351,78780A1345060300010007988F0D0A,GT06,Heartbeat,0100,N/A
2025-10-01 18:54:06.885,78780A134506030001000860780D0A,GT06,Heartbeat,0100,N/A
2025-10-01 18:56:45.012,78782F32190A0115382AC6024F7C9C04E909E000180002D4059CC7055738A40000000000000004D8000811A5422D00095DC70D0A,GT06,Alarm,2D00,N/A
2025-10-01 18:58:07.770,78780A134506030001000A436A0D0A,GT06,Heartbeat,0100,N/A
2025-10-01 19:02:50.422,78780D010869412074576791000C35160D0A,GT06,Login,9100,N/A
2025-10-01 19:02:52.015,78780A134506030001000D37D50D0A,GT06,Heartbeat,0100,N/A
2025-10-01 19:06:52.223,78780A134506030001000E054E0D0A,GT06,Heartbeat,0100,N/A
2025-10-01 19:12:34.273,78780D0108694120745767910011FE720D0A,GT06,Login,9100,N/A
2025-10-01 19:12:36.289,78780A1345060300010012DFA30D0A,GT06,Heartbeat,0100,N/A
2025-10-01 19:16:06.507,78780A1345060300010013CE2A0D0A,GT06,Heartbeat,0100,N/A
2025-10-01 19:20:50.460,78780D0108694120745767910015B8560D0A,GT06,Login,9100,N/A
2025-10-01 19:20:52.950,78780A134506030001001699870D0A,GT06,Heartbeat,0100,N/A
2025-10-01 19:24:52.642,78780A1345060300010017880E0D0A,GT06,Heartbeat,0100,N/A
2025-10-01 19:28:52.769,78780A134506040001001840250D0A,GT06,Heartbeat,0100,N/A
2025-10-01 19:32:54.302,78780A134506040001001951AC0D0A,GT06,Heartbeat,0100,N/A
2025-10-01 19:37:35.880,78780D010869412074576791001B51280D0A,GT06,Login,9100,N/A
2025-10-01 19:37:37.883,78780A134506040001001C06010D0A,GT06,Heartbeat,0100,N/A
2025-10-01 19:41:38.060,78780A134506040001001D17880D0A,GT06,Heartbeat,0100,N/A
2025-10-01 19:45:39.058,78780A134506040001001E25130D0A,GT06,Heartbeat,0100,N/A
2025-10-01 19:49:38.247,78780A134506040001001F349A0D0A,GT06,Heartbeat,0100,N/A
2025-10-01 19:53:39.527,78780A1345060400010020FDEE0D0A,GT06,Heartbeat,0100,N/A
2025-10-01 19:56:46.468,78782F32190A0116382AC6024F7C9C04E909E000180002D4059CC7055738060000000000000004E2000811A5422D002127A70D0A,GT06,Alarm,2D00,N/A
2025-10-01 19:57:38.472,78780A1345060400010022DEFC0D0A,GT06,Heartbeat,0100,N/A
2025-10-01 20:01:39.339,78780A1345060400010023CF750D0A,GT06,Heartbeat,0100,N/A
2025-10-01 20:07:22.092,78780D0108694120745767910026BB4E0D0A,GT06,Login,9100,N/A
2025-10-01 20:07:23.607,78780A134506040001002789510D0A,GT06,Heartbeat,0100,N/A
2025-10-01 20:10:53.821,78780A134506040001002871A60D0A,GT06,Heartbeat,0100,N/A
2025-10-01 20:14:53.872,78780A1345060400010029602F0D0A,GT06,Heartbeat,0100,N/A
2025-10-01 20:18:55.004,78780A134506040001002A52B40D0A,GT06,Heartbeat,0100,N/A
2025-10-01 20:22:54.070,78780A134506040001002B433D0D0A,GT06,Heartbeat,0100,N/A
2025-10-01 20:26:54.210,78780A134506040001002C37820D0A,GT06,Heartbeat,0100,N/A
2025-10-01 20:30:54.280,78780A134506040001002D260B0D0A,GT06,Heartbeat,0100,N/A
2025-10-01 20:34:54.455,78780A134506040001002E14900D0A,GT06,Heartbeat,0100,N/A
2025-10-01 20:38:54.486,78780A134506040001002F05190D0A,GT06,Heartbeat,0100,N/A
2025-10-01 20:42:54.590,78780A1345060400010030ED6F0D0A,GT06,Heartbeat,0100,N/A
2025-10-01 20:46:54.690,78780A1345060400010031FCE60D0A,GT06,Heartbeat,0100,N/A
2025-10-01 20:51:37.698,78780D0108694120745767910033FC620D0A,GT06,Login,9100,N/A
2025-10-01 20:51:40.527,78780A13450603000100349B970D0A,GT06,Heartbeat,0100,N/A
2025-10-01 20:55:39.899,78780A1345060400010035BAC20D0A,GT06,Heartbeat,0100,N/A
2025-10-01 20:56:47.888,78782F32190A0117382AC6024F7C9C04E909E000180002D4059CC7055738060000000000000004E2000811A5422D0036DD4E0D0A,GT06,Alarm,2D00,N/A
2025-10-01 20:59:40.061,78780A134506040001003799D00D0A,GT06,Heartbeat,0100,N/A
2025-10-01 21:03:40.125,78780A134506040001003861270D0A,GT06,Heartbeat,0100,N/A
2025-10-01 21:07:40.179,78780A134506040001003970AE0D0A,GT06,Heartbeat,0100,N/A
2025-10-01 21:12:25.193,78780D010869412074576791003B702A0D0A,GT06,Login,9100,N/A
2025-10-01 21:12:27.205,78780A134506030001003C17DF0D0A,GT06,Heartbeat,0100,N/A
2025-10-01 21:16:27.404,78780A134506030001003D06560D0A,GT06,Heartbeat,0100,N/A
2025-10-01 21:20:27.454,78780A134506040001003E04110D0A,GT06,Heartbeat,0100,N/A
2025-10-01 21:24:27.628,78780A134506040001003F15980D0A,GT06,Heartbeat,0100,N/A
2025-10-01 21:29:11.609,78780D0108694120745767910041ACF70D0A,GT06,Login,9100,N/A
2025-10-01 21:29:13.597,78780A13450603000100428D260D0A,GT06,Heartbeat,0100,N/A
2025-10-01 21:33:13.810,78780A13450603000100439CAF0D0A,GT06,Heartbeat,0100,N/A
2025-10-01 21:37:13.897,78780A1345060300010044E8100D0A,GT06,Heartbeat,0100,N/A
2025-10-01 21:41:14.001,78780A1345060300010045F9990D0A,GT06,Heartbeat,0100,N/A
2025-10-01 21:45:14.339,78780A1345060300010046CB020D0A,GT06,Heartbeat,0100,N/A
2025-10-01 21:49:57.104,78780D010869412074576791004831360D0A,GT06,Login,9100,N/A
2025-10-01 21:49:59.091,78780A134506040001004903290D0A,GT06,Heartbeat,0100,N/A
2025-10-01 21:53:59.299,78780A134506040001004A31B20D0A,GT06,Heartbeat,0100,N/A
2025-10-01 21:56:49.405,78782F32190A0200382AC6024F7C9C04E909E000180002D4059CC7055738060000000000000004E2000811A5422D004BFF360D0A,GT06,Alarm,2D00,N/A
2025-10-01 21:57:59.431,78780A134506040001004C54840D0A,GT06,Heartbeat,0100,N/A
2025-10-01 22:01:59.510,78780A134506040001004D450D0D0A,GT06,Heartbeat,0100,N/A
2025-10-01 22:06:42.507,78780D010869412074576791004F45890D0A,GT06,Login,9100,N/A
2025-10-01 22:06:44.524,78780A1345060300010050BEB50D0A,GT06,Heartbeat,0100,N/A
2025-10-01 22:10:44.750,78780A1345060300010051AF3C0D0A,GT06,Heartbeat,0100,N/A
2025-10-01 22:14:44.790,78780A13450603000100529DA70D0A,GT06,Heartbeat,0100,N/A
2025-10-01 22:18:44.893,78780A13450603000100538C2E0D0A,GT06,Heartbeat,0100,N/A
2025-10-01 22:23:28.938,78780D0108694120745767910055FA520D0A,GT06,Login,9100,N/A
2025-10-01 22:23:30.919,78780A1345060300010056DB830D0A,GT06,Heartbeat,0100,N/A
2025-10-01 22:27:31.110,78780A1345060300010057CA0A0D0A,GT06,Heartbeat,0100,N/A
2025-10-01 22:31:31.212,78780A134506030001005832FD0D0A,GT06,Heartbeat,0100,N/A
2025-10-01 22:35:31.300,78780A134506030001005923740D0A,GT06,Heartbeat,0100,N/A
2025-10-01 22:39:31.437,78780A134506030001005A11EF0D0A,GT06,Heartbeat,0100,N/A
2025-10-01 22:44:14.458,78780D010869412074576791005C67930D0A,GT06,Login,9100,N/A
2025-10-01 22:44:16.463,78780A134506040001005D558C0D0A,GT06,Heartbeat,0100,N/A
2025-10-01 22:48:16.652,78780A134506040001005E67170D0A,GT06,Heartbeat,0100,N/A
2025-10-01 22:52:16.732,78780A134506040001005F769E0D0A,GT06,Heartbeat,0100,N/A
2025-10-01 22:56:16.823,78780A1345060400010060BFEA0D0A,GT06,Heartbeat,0100,N/A
2025-10-01 22:56:50.850,78782F32190A0201382AC6024F7C9C04E909E000180002D4059CC7055738060000000000000004D8000811A5422D006103240D0A,GT06,Alarm,2D00,N/A
2025-10-01 23:01:00.844,78780D0108694120745767910063AEE70D0A,GT06,Login,9100,N/A
2025-10-01 23:01:02.855,78780A1345060400010064F9CE0D0A,GT06,Heartbeat,0100,N/A
2025-10-01 23:05:03.040,78780A1345060400010065E8470D0A,GT06,Heartbeat,0100,N/A
2025-10-01 23:09:03.121,78780A1345060400010066DADC0D0A,GT06,Heartbeat,0100,N/A
2025-10-01 23:13:03.449,78780A1345060400010067CB550D0A,GT06,Heartbeat,0100,N/A
2025-10-01 23:17:03.312,78780A134506040001006833A20D0A,GT06,Heartbeat,0100,N/A
2025-10-01 23:21:46.917,78780D010869412074576791006A33260D0A,GT06,Login,9100,N/A
2025-10-01 23:21:48.367,78780A134506030001006B31E50D0A,GT06,Heartbeat,0100,N/A
2025-10-01 23:25:48.534,78780A134506030001006C455A0D0A,GT06,Heartbeat,0100,N/A
2025-10-01 23:29:48.635,78780A134506030001006D54D30D0A,GT06,Heartbeat,0100,N/A
2025-10-01 23:33:48.720,78780A134506030001006E66480D0A,GT06,Heartbeat,0100,N/A
2025-10-01 23:38:31.723,78780D01086941207457679100708CFD0D0A,GT06,Login,9100,N/A
2025-10-01 23:38:33.740,78780A13450603000100718E3E0D0A,GT06,Heartbeat,0100,N/A
2025-10-01 23:42:34.211,78780A1345060300010072BCA50D0A,GT06,Heartbeat,0100,N/A
2025-10-01 23:46:34.014,78780A1345060300010073AD2C0D0A,GT06,Heartbeat,0100,N/A
2025-10-01 23:50:34.514,78780A1345060300010074D9930D0A,GT06,Heartbeat,0100,N/A
2025-10-01 23:54:34.249,78780A1345060300010075C81A0D0A,GT06,Heartbeat,0100,N/A
2025-10-01 23:57:34.228,78780D0108694120745767910077F8420D0A,GT06,Login,9100,N/A
2025-10-01 23:57:36.224,78780A134506030001007813FF0D0A,GT06,Heartbeat,0100,N/A
2025-10-01 23:57:37.225,78782F32190A0202382AC6024F7C9C04E909E000180002D4059CC7055738A40000000000000004D8000811A5422D00765CAD0D0A,GT06,Alarm,2D00,N/A
2025-10-01 23:59:19.376,78780A134506030001007902760D0A,GT06,Heartbeat,0100,N/A
2025-10-02 00:03:19.441,78780A134506030001007A30ED0D0A,GT06,Heartbeat,0100,N/A
2025-10-02 00:07:19.552,78780A134506030001007B21640D0A,GT06,Heartbeat,0100,N/A
2025-10-02 00:11:19.702,78780A134506030001007C55DB0D0A,GT06,Heartbeat,0100,N/A
2025-10-02 00:16:02.642,78780D010869412074576791007E65830D0A,GT06,Login,9100,N/A
2025-10-02 00:16:04.651,78780A134506030001007F67400D0A,GT06,Heartbeat,0100,N/A
2025-10-02 00:20:04.908,78780A134506030001008068380D0A,GT06,Heartbeat,0100,N/A
2025-10-02 00:24:04.940,78780A134506030001008179B10D0A,GT06,Heartbeat,0100,N/A
2025-10-02 00:28:05.016,78780A13450603000100824B2A0D0A,GT06,Heartbeat,0100,N/A
2025-10-02 00:32:05.116,78780A13450603000100835AA30D0A,GT06,Heartbeat,0100,N/A
2025-10-02 00:36:49.193,78780D01086941207457679100852CDF0D0A,GT06,Login,9100,N/A
2025-10-02 00:36:51.545,78780A13450604000100863DD20D0A,GT06,Heartbeat,0100,N/A
2025-10-02 00:40:52.296,78780A13450604000100872C5B0D0A,GT06,Heartbeat,0100,N/A
2025-10-02 00:44:51.474,78780A1345060400010088D4AC0D0A,GT06,Heartbeat,0100,N/A
2025-10-02 00:48:51.606,78780A1345060400010089C5250D0A,GT06,Heartbeat,0100,N/A
2025-10-02 00:53:34.564,78780D010869412074576791008BC5A10D0A,GT06,Login,9100,N/A
2025-10-02 00:53:36.587,78780A134506030001008CA2540D0A,GT06,Heartbeat,0100,N/A
2025-10-02 00:56:53.794,78782F32190A0203382AC6024F7C9C04E909E000180002D4059CC7055738060000000000000004D8000811A5422D008D1BF90D0A,GT06,Alarm,2D00,N/A
2025-10-02 00:57:36.788,78780A134506030001008E81460D0A,GT06,Heartbeat,0100,N/A
2025-10-02 01:01:36.921,78780A134506030001008F90CF0D0A,GT06,Heartbeat,0100,N/A
2025-10-02 01:05:36.941,78780A134506030001009078B90D0A,GT06,Heartbeat,0100,N/A
2025-10-02 01:09:37.066,78780A134506030001009169300D0A,GT06,Heartbeat,0100,N/A
2025-10-02 01:13:37.159,78780A13450603000100925BAB0D0A,GT06,Heartbeat,0100,N/A
2025-10-02 01:17:37.252,78780A13450603000100934A220D0A,GT06,Heartbeat,0100,N/A
2025-10-02 01:21:37.320,78780A13450603000100943E9D0D0A,GT06,Heartbeat,0100,N/A
2025-10-02 01:25:37.457,78780A13450603000100952F140D0A,GT06,Heartbeat,0100,N/A
2025-10-02 01:30:20.503,78780D01086941207457679100971F4C0D0A,GT06,Login,9100,N/A
2025-10-02 01:30:22.466,78780A1345060300010098F4F10D0A,GT06,Heartbeat,0100,N/A
2025-10-02 01:34:22.643,78780A1345060300010099E5780D0A,GT06,Heartbeat,0100,N/A
2025-10-02 01:38:22.740,78780A134506030001009AD7E30D0A,GT06,Heartbeat,0100,N/A
2025-10-02 01:42:22.836,78780A134506030001009BC66A0D0A,GT06,Heartbeat,0100,N/A
2025-10-02 01:46:22.951,78780A134506030001009CB2D50D0A,GT06,Heartbeat,0100,N/A
2025-10-02 01:51:06.994,78780D010869412074576791009E828D0D0A,GT06,Login,9100,N/A
2025-10-02 01:51:08.992,78780A134506030001009F804E0D0A,GT06,Heartbeat,0100,N/A
2025-10-02 01:55:09.175,78780A13450603000100A0493A0D0A,GT06,Heartbeat,0100,N/A
2025-10-02 01:56:55.206,78782F32190A0204382AC6024F7C9C04E909E000180002D4059CC7055738060000000000000004D8000811A5422D00A130810D0A,GT06,Alarm,2D00,N/A
2025-10-02 01:59:09.220,78780A13450603000100A26A280D0A,GT06,Heartbeat,0100,N/A
2025-10-02 02:03:09.354,78780A13450603000100A37BA10D0A,GT06,Heartbeat,0100,N/A
2025-10-02 02:07:52.373,78780D01086941207457679100A50DDD0D0A,GT06,Login,9100,N/A
2025-10-02 02:07:54.372,78780A13450603000100A62C0C0D0A,GT06,Heartbeat,0100,N/A
2025-10-02 02:11:54.574,78780A13450603000100A73D850D0A,GT06,Heartbeat,0100,N/A
2025-10-02 02:15:54.636,78780A13450603000100A8C5720D0A,GT06,Heartbeat,0100,N/A
2025-10-02 02:19:54.739,78780A13450603000100A9D4FB0D0A,GT06,Heartbeat,0100,N/A
2025-10-02 02:23:55.320,78780A13450603000100AAE6600D0A,GT06,Heartbeat,0100,N/A
2025-10-02 02:27:54.951,78780A13450603000100ABF7E90D0A,GT06,Heartbeat,0100,N/A
2025-10-02 02:31:55.036,78780A13450603000100AC83560D0A,GT06,Heartbeat,0100,N/A
2025-10-02 02:35:55.166,78780A13450603000100AD92DF0D0A,GT06,Heartbeat,0100,N/A
2025-10-02 02:39:55.244,78780A13450603000100AEA0440D0A,GT06,Heartbeat,0100,N/A
2025-10-02 02:43:56.501,78780A13450603000100AFB1CD0D0A,GT06,Heartbeat,0100,N/A
2025-10-02 02:47:55.419,78780A13450603000100B059BB0D0A,GT06,Heartbeat,0100,N/A
2025-10-02 02:51:55.542,78780A13450603000100B148320D0A,GT06,Heartbeat,0100,N/A
2025-10-02 02:55:55.665,78780A13450603000100B27AA90D0A,GT06,Heartbeat,0100,N/A
2025-10-02 02:56:56.698,78782F32190A0205382BC6024F7C9C04E909E000180002D4059CC7055738060000000000000004D8000811A5422D00B3D72B0D0A,GT06,Alarm,2D00,N/A
2025-10-02 02:59:55.714,78780A13450603000100B41F9F0D0A,GT06,Heartbeat,0100,N/A
2025-10-02 03:04:41.600,78780A13450602000100B505520D0A,GT06,Heartbeat,0100,N/A
2025-10-02 03:05:37.799,78780D01086941207457679100B73E4E0D0A,GT06,Login,9100,N/A
2025-10-02 03:05:39.776,78780A13450603000100B8D5F30D0A,GT06,Heartbeat,0100,N/A
2025-10-02 03:09:09.910,78780A13450603000100B9C47A0D0A,GT06,Heartbeat,0100,N/A
2025-10-02 03:13:10.017,78780A13450603000100BAF6E10D0A,GT06,Heartbeat,0100,N/A
2025-10-02 03:17:10.145,78780A13450603000100BBE7680D0A,GT06,Heartbeat,0100,N/A
2025-10-02 03:21:10.234,78780A13450603000100BC93D70D0A,GT06,Heartbeat,0100,N/A
2025-10-02 03:25:53.298,78780D01086941207457679100BEA38F0D0A,GT06,Login,9100,N/A
2025-10-02 03:25:55.544,78780A13450603000100BFA14C0D0A,GT06,Heartbeat,0100,N/A
2025-10-02 03:29:55.452,78780A13450603000100C02A3C0D0A,GT06,Heartbeat,0100,N/A
2025-10-02 03:33:55.845,78780A13450603000100C13BB50D0A,GT06,Heartbeat,0100,N/A
2025-10-02 03:37:55.648,78780A13450603000100C2092E0D0A,GT06,Heartbeat,0100,N/A
2025-10-02 03:42:39.635,78780D01086941207457679100C47F520D0A,GT06,Login,9100,N/A
2025-10-02 03:42:41.671,78780A13450603000100C57D910D0A,GT06,Heartbeat,0100,N/A
2025-10-02 03:46:41.885,78780A13450603000100C64F0A0D0A,GT06,Heartbeat,0100,N/A
2025-10-02 03:50:41.996,78780A13450603000100C75E830D0A,GT06,Heartbeat,0100,N/A
2025-10-02 03:54:42.098,78780A13450603000100C8A6740D0A,GT06,Heartbeat,0100,N/A
2025-10-02 03:56:58.129,78782F32190A0206382BC6024F7C9C04E909E000180002D4059CC7055738060000000000000004D8000811A5422D00C9A09E0D0A,GT06,Alarm,2D00,N/A
2025-10-02 03:58:42.156,78780A13450603000100CA85660D0A,GT06,Heartbeat,0100,N/A
2025-10-02 04:03:25.155,78780D01086941207457679100CCF31A0D0A,GT06,Login,9100,N/A
2025-10-02 04:03:27.959,78780A13450603000100CDF1D90D0A,GT06,Heartbeat,0100,N/A
2025-10-02 04:07:27.324,78780A13450603000100CEC3420D0A,GT06,Heartbeat,0100,N/A
2025-10-02 04:11:27.455,78780A13450603000100CFD2CB0D0A,GT06,Heartbeat,0100,N/A
2025-10-02 04:15:27.542,78780A13450603000100D03ABD0D0A,GT06,Heartbeat,0100,N/A
2025-10-02 04:20:10.559,78780D01086941207457679100D20AE50D0A,GT06,Login,9100,N/A
2025-10-02 04:20:13.002,78780A13450603000100D308260D0A,GT06,Heartbeat,0100,N/A
2025-10-02 04:24:12.749,78780A13450603000100D47C990D0A,GT06,Heartbeat,0100,N/A
2025-10-02 04:28:12.846,78780A13450603000100D56D100D0A,GT06,Heartbeat,0100,N/A
2025-10-02 04:32:12.972,78780A13450603000100D65F8B0D0A,GT06,Heartbeat,0100,N/A
2025-10-02 04:36:13.094,78780A13450603000100D74E020D0A,GT06,Heartbeat,0100,N/A
2025-10-02 04:40:13.129,78780A13450603000100D8B6F50D0A,GT06,Heartbeat,0100,N/A
2025-10-02 04:44:13.246,78780A13450603000100D9A77C0D0A,GT06,Heartbeat,0100,N/A
2025-10-02 04:48:13.883,78780A13450603000100DA95E70D0A,GT06,Heartbeat,0100,N/A
2025-10-02 04:52:13.450,78780A13450603000100DB846E0D0A,GT06,Heartbeat,0100,N/A
2025-10-02 04:56:13.972,78780A13450603000100DCF0D10D0A,GT06,Heartbeat,0100,N/A
2025-10-02 04:57:41.495,78780D01086941207457679100DEC0890D0A,GT06,Login,9100,N/A
2025-10-02 04:57:43.494,78780A13450603000100DFC24A0D0A,GT06,Heartbeat,0100,N/A
2025-10-02 04:57:44.494,78782F32190A0207382BC6024F7C9C04E909E00018000000000000000000000000000000000004D8000811A5222D00DD14FA0D0A,GT06,Alarm,2D00,N/A
2025-10-02 05:00:58.657,78780A13450603000100E00B3E0D0A,GT06,Heartbeat,0100,N/A
2025-10-02 05:04:59.113,78780A13450604000100E12A6B0D0A,GT06,Heartbeat,0100,N/A
2025-10-02 05:08:58.823,78780A13450604000100E218F00D0A,GT06,Heartbeat,0100,N/A
2025-10-02 05:12:58.928,78780A13450604000100E309790D0A,GT06,Heartbeat,0100,N/A
2025-10-02 05:17:41.966,78780D01086941207457679100E54FD90D0A,GT06,Login,9100,N/A
2025-10-02 05:17:43.953,78780A13450603000100E66E080D0A,GT06,Heartbeat,0100,N/A
2025-10-02 05:21:44.200,78780A13450603000100E77F810D0A,GT06,Heartbeat,0100,N/A
2025-10-02 05:25:44.254,78780A13450603000100E887760D0A,GT06,Heartbeat,0100,N/A
2025-10-02 05:29:44.357,78780A13450603000100E996FF0D0A,GT06,Heartbeat,0100,N/A
2025-10-02 05:33:44.518,78780A13450603000100EAA4640D0A,GT06,Heartbeat,0100,N/A
2025-10-02 05:37:44.599,78780A13450603000100EBB5ED0D0A,GT06,Heartbeat,0100,N/A
2025-10-02 05:41:44.641,78780A13450603000100ECC1520D0A,GT06,Heartbeat,0100,N/A
2025-10-02 05:45:45.720,78780A13450603000100EDD0DB0D0A,GT06,Heartbeat,0100,N/A
2025-10-02 05:49:44.822,78780A13450603000100EEE2400D0A,GT06,Heartbeat,0100,N/A
2025-10-02 05:53:44.956,78780A13450603000100EFF3C90D0A,GT06,Heartbeat,0100,N/A
2025-10-02 05:57:01.051,78782F32190A0208382BC6024F7C9C04E909E000180002D4059CC7055738A40000000000000004D8000811A5422D00F0143E0D0A,GT06,Alarm,2D00,N/A
2025-10-02 05:57:45.057,78780A13450603000100F10A360D0A,GT06,Heartbeat,0100,N/A
2025-10-02 06:01:45.144,78780A13450603000100F238AD0D0A,GT06,Heartbeat,0100,N/A
2025-10-02 06:05:45.261,78780A13450603000100F329240D0A,GT06,Heartbeat,0100,N/A
2025-10-02 06:09:45.389,78780A13450604000100F46D470D0A,GT06,Heartbeat,0100,N/A
2025-10-02 06:14:28.394,78780D01086941207457679100F66DC30D0A,GT06,Login,9100,N/A
2025-10-02 06:14:30.400,78780A13450603000100F76F000D0A,GT06,Heartbeat,0100,N/A
2025-10-02 06:18:30.572,78780A13450603000100F897F70D0A,GT06,Heartbeat,0100,N/A
2025-10-02 06:22:30.673,78780A13450603000100F9867E0D0A,GT06,Heartbeat,0100,N/A
2025-10-02 06:26:30.790,78780A13450604000100FA84390D0A,GT06,Heartbeat,0100,N/A
2025-10-02 06:31:15.241,78780D01086941207457679100FCC2990D0A,GT06,Login,9100,N/A
2025-10-02 06:31:16.791,78780A13450603000100FDC05A0D0A,GT06,Heartbeat,0100,N/A
2025-10-02 06:35:16.974,78780A13450603000100FEF2C10D0A,GT06,Heartbeat,0100,N/A
2025-10-02 06:39:17.569,78780A13450603000100FFE3480D0A,GT06,Heartbeat,0100,N/A
2025-10-02 06:43:17.171,78780A1345060300010100F5E80D0A,GT06,Heartbeat,0101,N/A
2025-10-02 06:47:17.256,78780A1345060300010101E4610D0A,GT06,Heartbeat,0101,N/A
2025-10-02 06:52:00.282,78780D0108694120745767910103D4390D0A,GT06,Login,9101,N/A
2025-10-02 06:52:02.293,78780A134506040001010483100D0A,GT06,Heartbeat,0101,N/A
2025-10-02 06:56:02.499,78780A134506040001010592990D0A,GT06,Heartbeat,0101,N/A
2025-10-02 06:57:03.036,78782F32190A0209382BC6024F7C9C04E909E000180002D4059CC7055738A40000000000000004D8000811A5422D010601880D0A,GT06,Alarm,2D01,N/A
2025-10-02 07:00:02.606,78780A134506030001010781570D0A,GT06,Heartbeat,0101,N/A
2025-10-02 07:04:02.719,78780A1345060400010108497C0D0A,GT06,Heartbeat,0101,N/A
2025-10-02 07:08:45.667,78780D010869412074576791010A49F80D0A,GT06,Login,9101,N/A
2025-10-02 07:08:47.680,78780A134506040001010B7BE70D0A,GT06,Heartbeat,0101,N/A
2025-10-02 07:12:47.909,78780A134506040001010C0F580D0A,GT06,Heartbeat,0101,N/A
2025-10-02 07:16:48.013,78780A134506040001010D1ED10D0A,GT06,Heartbeat,0101,N/A
2025-10-02 07:20:48.098,78780A134506040001010E2C4A0D0A,GT06,Heartbeat,0101,N/A
2025-10-02 07:24:48.179,78780A134506040001010F3DC30D0A,GT06,Heartbeat,0101,N/A
2025-10-02 07:29:31.204,78780D0108694120745767910111E7AA0D0A,GT06,Login,9101,N/A
2025-10-02 07:29:33.201,78780A1345060300010112C67B0D0A,GT06,Heartbeat,0101,N/A
2025-10-02 07:33:34.055,78780A1345060300010113D7F20D0A,GT06,Heartbeat,0101,N/A
2025-10-02 07:37:33.505,78780A1345060300010114A34D0D0A,GT06,Heartbeat,0101,N/A
2025-10-02 07:41:33.572,78780A1345060300010115B2C40D0A,GT06,Heartbeat,0101,N/A
2025-10-02 07:46:17.646,78780D0108694120745767910117829C0D0A,GT06,Login,9101,N/A
2025-10-02 07:46:19.628,78780A134506040001011859FD0D0A,GT06,Heartbeat,0101,N/A
2025-10-02 07:50:19.856,78780A134506030001011978A80D0A,GT06,Heartbeat,0101,N/A
2025-10-02 07:54:19.901,78780A134506030001011A4A330D0A,GT06,Heartbeat,0101,N/A
2025-10-02 07:57:04.003,78782F32190A020A382BC6024F7C9C04E909E000180002D4059CC7055738060000000000000004D8000811A5422D011BF15B0D0A,GT06,Alarm,2D01,N/A
2025-10-02 07:58:20.018,78780A134506030001011C2F050D0A,GT06,Heartbeat,0101,N/A
2025-10-02 08:02:20.125,78780A134506040001011D0E500D0A,GT06,Heartbeat,0101,N/A
2025-10-02 08:07:03.284,78780D010869412074576791011F0ED40D0A,GT06,Login,9101,N/A
2025-10-02 08:07:05.165,78780A1345060300010120D4EA0D0A,GT06,Heartbeat,0101,N/A
2025-10-02 08:11:05.319,78780A1345060300010121C5630D0A,GT06,Heartbeat,0101,N/A
2025-10-02 08:15:05.460,78780A1345060300010122F7F80D0A,GT06,Heartbeat,0101,N/A
2025-10-02 08:19:05.577,78780A1345060300010123E6710D0A,GT06,Heartbeat,0101,N/A
2025-10-02 08:23:49.534,78780D0108694120745767910125900D0D0A,GT06,Login,9101,N/A
2025-10-02 08:23:51.568,78780A1345060300010126B1DC0D0A,GT06,Heartbeat,0101,N/A
2025-10-02 08:27:51.724,78780A1345060300010127A0550D0A,GT06,Heartbeat,0101,N/A
2025-10-02 08:31:51.839,78780A134506030001012858A20D0A,GT06,Heartbeat,0101,N/A
2025-10-02 08:35:51.921,78780A1345060300010129492B0D0A,GT06,Heartbeat,0101,N/A
2025-10-02 08:39:52.225,78780A134506030001012A7BB00D0A,GT06,Heartbeat,0101,N/A
2025-10-02 08:44:35.013,78780D010869412074576791012C0DCC0D0A,GT06,Login,9101,N/A
2025-10-02 08:44:37.925,78780A134506040001012D3FD30D0A,GT06,Heartbeat,0101,N/A
2025-10-02 08:48:37.227,78780A134506040001012E0D480D0A,GT06,Heartbeat,0101,N/A
2025-10-02 08:52:37.776,78780A134506040001012F1CC10D0A,GT06,Heartbeat,0101,N/A
2025-10-02 08:56:37.412,78780A1345060400010130F4B70D0A,GT06,Heartbeat,0101,N/A
2025-10-02 08:57:06.967,78782F32190A020B382BC6024F7C9C04E909E000180002D4059CC7055738A40000000000000004D8000811A5422D0131710B0D0A,GT06,Alarm,2D01,N/A
2025-10-02 09:00:37.518,78780A1345060300010132E7790D0A,GT06,Heartbeat,0101,N/A
2025-10-02 09:04:37.620,78780A1345060300010133F6F00D0A,GT06,Heartbeat,0101,N/A
2025-10-02 09:08:37.717,78780A1345060300010134824F0D0A,GT06,Heartbeat,0101,N/A
2025-10-02 09:12:37.832,78780A134506030001013593C60D0A,GT06,Heartbeat,0101,N/A
2025-10-02 09:16:37.937,78780A1345060300010136A15D0D0A,GT06,Heartbeat,0101,N/A
2025-10-02 09:21:21.935,78780D01086941207457679101385B690D0A,GT06,Login,9101,N/A
2025-10-02 09:21:23.949,78780A134506030001013959AA0D0A,GT06,Heartbeat,0101,N/A
2025-10-02 09:25:24.093,78780A134506030001013A6B310D0A,GT06,Heartbeat,0101,N/A
2025-10-02 09:29:24.201,78780A134506040001013B4A640D0A,GT06,Heartbeat,0101,N/A
2025-10-02 09:33:24.314,78780A134506030001013C0E070D0A,GT06,Heartbeat,0101,N/A
2025-10-02 09:37:41.131,78780A134506030001013D1F8E0D0A,GT06,Heartbeat,0101,N/A
2025-10-02 09:41:24.525,78780A134506030001013E2D150D0A,GT06,Heartbeat,0101,N/A
2025-10-02 09:45:24.598,78780A134506030001013F3C9C0D0A,GT06,Heartbeat,0101,N/A
2025-10-02 09:49:24.702,78780A1345060300010140B7EC0D0A,GT06,Heartbeat,0101,N/A
2025-10-02 09:53:25.328,78780A1345060300010141A6650D0A,GT06,Heartbeat,0101,N/A
2025-10-02 09:57:06.928,78782F32190A020C382BC6024F7C9C04E909E000180002D4059CC7055738A40000000000000004D8000811A5422D0142F0010D0A,GT06,Alarm,2D01,N/A
2025-10-02 09:57:24.934,78780A134506030001014385770D0A,GT06,Heartbeat,0101,N/A
2025-10-02 10:01:25.001,78780A1345060300010144F1C80D0A,GT06,Heartbeat,0101,N/A
2025-10-02 10:05:25.142,78780A1345060400010145D09D0D0A,GT06,Heartbeat,0101,N/A
2025-10-02 10:09:25.157,78780A1345060400010146E2060D0A,GT06,Heartbeat,0101,N/A
2025-10-02 10:13:25.334,78780A1345060400010147F38F0D0A,GT06,Heartbeat,0101,N/A
2025-10-02 10:18:08.311,78780D010869412074576791014939670D0A,GT06,Login,9101,N/A
2025-10-02 10:18:10.296,78780A134506030001014A18B60D0A,GT06,Heartbeat,0101,N/A
2025-10-02 10:22:10.500,78780A134506030001014B093F0D0A,GT06,Heartbeat,0101,N/A
2025-10-02 10:26:10.632,78780A134506030001014C7D800D0A,GT06,Heartbeat,0101,N/A
2025-10-02 10:30:10.721,78780A134506040001014D5CD50D0A,GT06,Heartbeat,0101,N/A
2025-10-02 10:34:10.925,78780A134506040001014E6E4E0D0A,GT06,Heartbeat,0101,N/A
2025-10-02 10:38:10.949,78780A134506040001014F7FC70D0A,GT06,Heartbeat,0101,N/A
2025-10-02 10:42:10.996,78780A134506040001015097B10D0A,GT06,Heartbeat,0101,N/A
2025-10-02 10:46:11.132,78780A134506040001015186380D0A,GT06,Heartbeat,0101,N/A
2025-10-02 10:50:11.236,78780A1345060400010152B4A30D0A,GT06,Heartbeat,0101,N/A
2025-10-02 10:54:11.277,78780A1345060400010153A52A0D0A,GT06,Heartbeat,0101,N/A
2025-10-02 10:57:08.433,78782F32190A020D382BC6024F7C9C04E909E000180002D4059CC7055738060000000000000004D8000811A5422D01548BBE0D0A,GT06,Alarm,2D01,N/A
2025-10-02 10:58:11.432,78780A1345060400010155C01C0D0A,GT06,Heartbeat,0101,N/A
2025-10-02 11:02:11.553,78780A1345060400010156F2870D0A,GT06,Heartbeat,0101,N/A
2025-10-02 11:06:11.604,78780A1345060400010157E30E0D0A,GT06,Heartbeat,0101,N/A
2025-10-02 11:10:11.727,78780A13450604000101581BF90D0A,GT06,Heartbeat,0101,N/A
2025-10-02 11:14:54.687,78780D010869412074576791015A1B7D0D0A,GT06,Login,9101,N/A
2025-10-02 11:14:56.672,78780A134506030001015B19BE0D0A,GT06,Heartbeat,0101,N/A
2025-10-02 11:18:56.890,78780A134506030001015C6D010D0A,GT06,Heartbeat,0101,N/A
2025-10-02 11:22:56.965,78780A134506030001015D7C880D0A,GT06,Heartbeat,0101,N/A
2025-10-02 11:26:57.087,78780A134506030001015E4E130D0A,GT06,Heartbeat,0101,N/A
2025-10-02 11:31:41.586,78780D010869412074576791016085A40D0A,GT06,Login,9101,N/A
2025-10-02 11:31:44.532,78780A134506030001016187670D0A,GT06,Heartbeat,0101,N/A
2025-10-02 11:35:43.281,78780A1345060300010162B5FC0D0A,GT06,Heartbeat,0101,N/A
2025-10-02 11:39:43.379,78780A1345060300010163A4750D0A,GT06,Heartbeat,0101,N/A
2025-10-02 11:43:43.501,78780A1345060300010164D0CA0D0A,GT06,Heartbeat,0101,N/A
2025-10-02 11:47:43.563,78780A1345060300010165C1430D0A,GT06,Heartbeat,0101,N/A
2025-10-02 11:52:26.566,78780D0108694120745767910167F11B0D0A,GT06,Login,9101,N/A
2025-10-02 11:52:28.557,78780A13450604000101682A7A0D0A,GT06,Heartbeat,0101,N/A
2025-10-02 11:56:28.786,78780A13450604000101693BF30D0A,GT06,Heartbeat,0101,N/A
2025-10-02 11:57:10.365,78782F32190A020E382BC6024F7C9C04E909E000180002D4059CC7055738A40000000000000004D8000811A5422D016A68F40D0A,GT06,Alarm,2D01,N/A
2025-10-02 12:00:28.866,78780A134506030001016B283D0D0A,GT06,Heartbeat,0101,N/A
2025-10-02 12:04:28.982,78780A134506030001016C5C820D0A,GT06,Heartbeat,0101,N/A
2025-10-02 12:09:13.007,78780D010869412074576791016E6CDA0D0A,GT06,Login,9101,N/A
2025-10-02 12:09:15.046,78780A134506030001016F6E190D0A,GT06,Heartbeat,0101,N/A
2025-10-02 12:13:15.539,78780A1345060300010170866F0D0A,GT06,Heartbeat,0101,N/A
2025-10-02 12:17:15.299,78780A134506030001017197E60D0A,GT06,Heartbeat,0101,N/A
2025-10-02 12:21:15.401,78780A1345060300010172A57D0D0A,GT06,Heartbeat,0101,N/A
2025-10-02 12:25:15.468,78780A134506040001017384280D0A,GT06,Heartbeat,0101,N/A
2025-10-02 12:29:59.476,78780D0108694120745767910175C2880D0A,GT06,Login,9101,N/A
2025-10-02 12:30:01.472,78780A1345060300010176E3590D0A,GT06,Heartbeat,0101,N/A
2025-10-02 12:34:01.685,78780A1345060300010177F2D00D0A,GT06,Heartbeat,0101,N/A
2025-10-02 12:38:02.384,78780A13450603000101780A270D0A,GT06,Heartbeat,0101,N/A
2025-10-02 12:42:01.943,78780A13450603000101791BAE0D0A,GT06,Heartbeat,0101,N/A
2025-10-02 12:46:44.930,78780D010869412074576791017B2BF60D0A,GT06,Login,9101,N/A
2025-10-02 12:46:46.929,78780A134506030001017C4C030D0A,GT06,Heartbeat,0101,N/A
2025-10-02 12:50:47.118,78780A134506030001017D5D8A0D0A,GT06,Heartbeat,0101,N/A
2025-10-02 12:54:47.276,78780A134506030001017E6F110D0A,GT06,Heartbeat,0101,N/A
2025-10-02 12:57:11.271,78782F32190A020F382BC6024F7C9C04E909E000180002D4059CC7055738A40000000000000004E2000811A5422D017F5D920D0A,GT06,Alarm,2D01,N/A
2025-10-02 12:58:47.307,78780A134506030001018071E00D0A,GT06,Heartbeat,0101,N/A
2025-10-02 13:02:47.461,78780A134506030001018160690D0A,GT06,Heartbeat,0101,N/A
2025-10-02 13:07:30.390,78780D010869412074576791018350310D0A,GT06,Login,9101,N/A
2025-10-02 13:07:32.397,78780A134506030001018437C40D0A,GT06,Heartbeat,0101,N/A
2025-10-02 13:11:32.605,78780A1345060300010185264D0D0A,GT06,Heartbeat,0101,N/A
2025-10-02 13:15:33.203,78780A134506030001018614D60D0A,GT06,Heartbeat,0101,N/A
2025-10-02 13:19:32.810,78780A1345060300010187055F0D0A,GT06,Heartbeat,0101,N/A
2025-10-02 13:23:32.936,78780A1345060300010188FDA80D0A,GT06,Heartbeat,0101,N/A
2025-10-02 13:27:33.029,78780A1345060300010189EC210D0A,GT06,Heartbeat,0101,N/A
2025-10-02 13:31:33.129,78780A134506030001018ADEBA0D0A,GT06,Heartbeat,0101,N/A
2025-10-02 13:35:33.484,78780A134506030001018BCF330D0A,GT06,Heartbeat,0101,N/A
2025-10-02 13:39:33.307,78780A134506030001018CBB8C0D0A,GT06,Heartbeat,0101,N/A
2025-10-02 13:43:33.432,78780A134506030001018DAA050D0A,GT06,Heartbeat,0101,N/A
2025-10-02 13:47:33.456,78780A134506030001018E989E0D0A,GT06,Heartbeat,0101,N/A
2025-10-02 13:51:33.594,78780A134506030001018F89170D0A,GT06,Heartbeat,0101,N/A
2025-10-02 13:55:33.677,78780A134506030001019061610D0A,GT06,Heartbeat,0101,N/A
2025-10-02 13:57:12.711,78782F32190A0210382BC6024F7C9C04E909E000180002D4059CC7055738020000000000000004D8000811A5422D0191670C0D0A,GT06,Alarm,2D01,N/A
2025-10-02 14:00:16.665,78780D010869412074576791019340B00D0A,GT06,Login,9101,N/A
2025-10-02 14:00:18.664,78780A134506030001019427450D0A,GT06,Heartbeat,0101,N/A
2025-10-02 14:04:18.882,78780A134506030001019536CC0D0A,GT06,Heartbeat,0101,N/A
2025-10-02 14:08:19.789,78780A134506030001019604570D0A,GT06,Heartbeat,0101,N/A
2025-10-02 14:12:19.103,78780A134506040001019725020D0A,GT06,Heartbeat,0101,N/A
2025-10-02 14:16:19.222,78780A1345060400010198DDF50D0A,GT06,Heartbeat,0101,N/A
2025-10-02 14:21:02.199,78780D010869412074576791019ADD710D0A,GT06,Login,9101,N/A
2025-10-02 14:21:04.223,78780A134506030001019BDFB20D0A,GT06,Heartbeat,0101,N/A
2025-10-02 14:25:04.423,78780A134506030001019CAB0D0D0A,GT06,Heartbeat,0101,N/A
2025-10-02 14:29:04.511,78780A134506030001019DBA840D0A,GT06,Heartbeat,0101,N/A
2025-10-02 14:33:04.578,78780A134506030001019E881F0D0A,GT06,Heartbeat,0101,N/A
2025-10-02 14:37:04.617,78780A134506030001019F99960D0A,GT06,Heartbeat,0101,N/A
2025-10-02 14:41:04.794,78780A13450603000101A050E20D0A,GT06,Heartbeat,0101,N/A
2025-10-02 14:45:04.893,78780A13450603000101A1416B0D0A,GT06,Heartbeat,0101,N/A
2025-10-02 14:49:04.998,78780A13450603000101A273F00D0A,GT06,Heartbeat,0101,N/A
2025-10-02 14:53:05.085,78780A13450603000101A362790D0A,GT06,Heartbeat,0101,N/A
2025-10-02 14:57:05.316,78780A13450603000101A416C60D0A,GT06,Heartbeat,0101,N/A
2025-10-02 14:57:14.220,78782F32190A0211382BC6024F7C9C04E909E000180002D4059CC7055738A40000000000000004E2000811A5422D01A509910D0A,GT06,Alarm,2D01,N/A
2025-10-02 15:01:05.547,78780A13450603000101A635D40D0A,GT06,Heartbeat,0101,N/A
2025-10-02 15:05:05.392,78780A13450603000101A7245D0D0A,GT06,Heartbeat,0101,N/A
2025-10-02 15:09:05.445,78780A13450603000101A8DCAA0D0A,GT06,Heartbeat,0101,N/A
2025-10-02 15:13:05.587,78780A13450603000101A9CD230D0A,GT06,Heartbeat,0101,N/A
2025-10-02 15:17:48.559,78780D01086941207457679101ABFD7B0D0A,GT06,Login,9101,N/A
2025-10-02 15:17:50.595,78780A13450603000101AC9A8E0D0A,GT06,Heartbeat,0101,N/A
2025-10-02 15:21:50.802,78780A13450604000101ADBBDB0D0A,GT06,Heartbeat,0101,N/A
2025-10-02 15:25:50.912,78780A13450604000101AE89400D0A,GT06,Heartbeat,0101,N/A
2025-10-02 15:29:51.052,78780A13450604000101AF98C90D0A,GT06,Heartbeat,0101,N/A
2025-10-02 15:33:51.121,78780A13450604000101B070BF0D0A,GT06,Heartbeat,0101,N/A
2025-10-02 15:37:52.050,78780A13450604000101B161360D0A,GT06,Heartbeat,0101,N/A
2025-10-02 15:41:51.263,78780A13450604000101B253AD0D0A,GT06,Heartbeat,0101,N/A
2025-10-02 15:45:51.390,78780A13450604000101B342240D0A,GT06,Heartbeat,0101,N/A
2025-10-02 15:49:51.462,78780A13450604000101B4369B0D0A,GT06,Heartbeat,0101,N/A
2025-10-02 15:53:51.585,78780A13450604000101B527120D0A,GT06,Heartbeat,0101,N/A
2025-10-02 15:57:15.653,78782F32190A0212382BC6024F7C9C04E909E000180002D4059CC7055738060000000000000004E2000811A5422D01B6103C0D0A,GT06,Alarm,2D01,N/A
2025-10-02 15:57:51.688,78780A13450604000101B704000D0A,GT06,Heartbeat,0101,N/A
2025-10-02 16:01:51.827,78780A13450604000101B8FCF70D0A,GT06,Heartbeat,0101,N/A
2025-10-02 16:05:51.929,78780A13450604000101B9ED7E0D0A,GT06,Heartbeat,0101,N/A
2025-10-02 16:09:52.004,78780A13450604000101BADFE50D0A,GT06,Heartbeat,0101,N/A
2025-10-02 16:13:52.067,78780A13450603000101BBFEB00D0A,GT06,Heartbeat,0101,N/A
2025-10-02 16:17:52.138,78780A13450603000101BC8A0F0D0A,GT06,Heartbeat,0101,N/A
2025-10-02 16:21:52.247,78780A13450603000101BD9B860D0A,GT06,Heartbeat,0101,N/A
2025-10-02 16:25:52.333,78780A13450603000101BEA91D0D0A,GT06,Heartbeat,0101,N/A
2025-10-02 16:30:35.359,78780D01086941207457679101C020AE0D0A,GT06,Login,9101,N/A
2025-10-02 16:30:37.398,78780A13450603000101C1226D0D0A,GT06,Heartbeat,0101,N/A
2025-10-02 16:34:37.550,78780A13450603000101C210F60D0A,GT06,Heartbeat,0101,N/A
2025-10-02 16:38:37.650,78780A13450603000101C3017F0D0A,GT06,Heartbeat,0101,N/A
2025-10-02 16:42:37.813,78780A13450603000101C475C00D0A,GT06,Heartbeat,0101,N/A
2025-10-02 16:46:37.857,78780A13450603000101C564490D0A,GT06,Heartbeat,0101,N/A
2025-10-02 16:51:21.360,78780D01086941207457679101C754110D0A,GT06,Login,9101,N/A
2025-10-02 16:51:23.852,78780A13450603000101C8BFAC0D0A,GT06,Heartbeat,0101,N/A
2025-10-02 16:55:23.063,78780A13450603000101C9AE250D0A,GT06,Heartbeat,0101,N/A
2025-10-02 16:57:17.154,78782F32190A0213382BC6024F7C9C04E909E000180002D4059CC7055738020000000000000004E2000811A5422D01CACCAF0D0A,GT06,Alarm,2D01,N/A
2025-10-02 16:59:23.231,78780A13450603000101CB8D370D0A,GT06,Heartbeat,0101,N/A
2025-10-02 17:03:23.280,78780A13450603000101CCF9880D0A,GT06,Heartbeat,0101,N/A
2025-10-02 17:08:07.285,78780D01086941207457679101CEC9D00D0A,GT06,Login,9101,N/A
2025-10-02 17:08:09.276,78780A13450603000101CFCB130D0A,GT06,Heartbeat,0101,N/A
2025-10-02 17:12:09.487,78780A13450604000101D013B90D0A,GT06,Heartbeat,0101,N/A
2025-10-02 17:16:09.606,78780A13450604000101D102300D0A,GT06,Heartbeat,0101,N/A
2025-10-02 17:20:09.688,78780A13450604000101D230AB0D0A,GT06,Heartbeat,0101,N/A
2025-10-02 17:24:09.818,78780A13450604000101D321220D0A,GT06,Heartbeat,0101,N/A
2025-10-02 17:28:52.790,78780D01086941207457679101D567820D0A,GT06,Login,9101,N/A
2025-10-02 17:28:54.837,78780A13450603000101D646530D0A,GT06,Heartbeat,0101,N/A
2025-10-02 17:32:55.026,78780A13450603000101D757DA0D0A,GT06,Heartbeat,0101,N/A
2025-10-02 17:36:55.197,78780A13450603000101D8AF2D0D0A,GT06,Heartbeat,0101,N/A
2025-10-02 17:40:55.210,78780A13450603000101D9BEA40D0A,GT06,Heartbeat,0101,N/A
2025-10-02 17:45:39.224,78780D01086941207457679101DB8EFC0D0A,GT06,Login,9101,N/A
2025-10-02 17:45:41.262,78780A13450604000101DCD9D50D0A,GT06,Heartbeat,0101,N/A
2025-10-02 17:49:41.425,78780A13450604000101DDC85C0D0A,GT06,Heartbeat,0101,N/A
2025-10-02 17:53:41.526,78780A13450604000101DEFAC70D0A,GT06,Heartbeat,0101,N/A
2025-10-02 17:57:18.618,78782F32190A0214382BC6024F7C9C04E909E000180002D4059CC7055738A40000000000000004D8000811A5422D01DFCC780D0A,GT06,Alarm,2D01,N/A
2025-10-02 17:57:41.643,78780A13450604000101E0223A0D0A,GT06,Heartbeat,0101,N/A
2025-10-02 18:01:41.693,78780A13450604000101E133B30D0A,GT06,Heartbeat,0101,N/A
2025-10-02 18:06:24.728,78780D01086941207457679101E333370D0A,GT06,Login,9101,N/A
2025-10-02 18:06:26.727,78780A13450603000101E454C20D0A,GT06,Heartbeat,0101,N/A
2025-10-02 18:10:26.971,78780A13450603000101E5454B0D0A,GT06,Heartbeat,0101,N/A
2025-10-02 18:14:27.014,78780A13450603000101E677D00D0A,GT06,Heartbeat,0101,N/A
2025-10-02 18:18:27.122,78780A13450603000101E766590D0A,GT06,Heartbeat,0101,N/A
2025-10-02 18:23:11.117,78780D01086941207457679101E99C6D0D0A,GT06,Login,9101,N/A
2025-10-02 18:23:13.131,78780A13450602000101EAB6F80D0A,GT06,Heartbeat,0101,N/A
2025-10-02 18:27:13.349,78780A13450602000101EBA7710D0A,GT06,Heartbeat,0101,N/A
2025-10-02 18:31:13.417,78780A13450602000101ECD3CE0D0A,GT06,Heartbeat,0101,N/A
2025-10-02 18:35:13.547,78780A13450602000101EDC2470D0A,GT06,Heartbeat,0101,N/A
2025-10-02 18:38:06.889,78780D0108694120745767910000FF7A0D0A,GT06,Login,9100,N/A
2025-10-02 18:38:08.566,78780A1345060300010001FDB90D0A,GT06,Heartbeat,0100,N/A
2025-10-02 18:42:53.016,78780D0108694120745767910003CDE10D0A,GT06,Login,9100,N/A
2025-10-02 18:42:54.687,78780A1345060300010004AA140D0A,GT06,Heartbeat,0100,N/A
2025-10-02 18:46:54.882,78780A1345060300010005BB9D0D0A,GT06,Heartbeat,0100,N/A
2025-10-02 18:50:54.968,78780A134506030001000689060D0A,GT06,Heartbeat,0100,N/A
2025-10-02 18:54:55.081,78780A1345060300010007988F0D0A,GT06,Heartbeat,0100,N/A
2025-10-02 18:57:34.129,78782F32190A0215391FC6024F7C9C04E909E000180002D4059CC7055738020000000000000004D8000811A5422D0008345B0D0A,GT06,Alarm,2D00,N/A
2025-10-02 18:59:39.085,78780D010869412074576791000A50200D0A,GT06,Login,9100,N/A
2025-10-02 18:59:41.083,78780A134506030001000B52E30D0A,GT06,Heartbeat,0100,N/A
2025-10-02 19:03:41.330,78780A134506040001000C16800D0A,GT06,Heartbeat,0100,N/A
2025-10-02 19:07:41.398,78780A134506040001000D07090D0A,GT06,Heartbeat,0100,N/A
2025-10-02 19:11:41.485,78780A134506040001000E35920D0A,GT06,Heartbeat,0100,N/A
2025-10-02 19:15:41.593,78780A134506040001000F241B0D0A,GT06,Heartbeat,0100,N/A
2025-10-02 19:20:25.797,78780D0108694120745767910011FE720D0A,GT06,Login,9100,N/A
2025-10-02 19:20:27.629,78780A1345060400010012EF7F0D0A,GT06,Heartbeat,0100,N/A
2025-10-02 19:24:27.808,78780A1345060400010013FEF60D0A,GT06,Heartbeat,0100,N/A
2025-10-02 19:28:29.094,78780A13450604000100148A490D0A,GT06,Heartbeat,0100,N/A
2025-10-02 19:32:28.028,78780A13450604000100159BC00D0A,GT06,Heartbeat,0100,N/A
2025-10-02 19:37:11.028,78780D01086941207457679100179B440D0A,GT06,Login,9100,N/A
2025-10-02 19:37:13.010,78780A134506030001001870F90D0A,GT06,Heartbeat,0100,N/A
2025-10-02 19:41:13.238,78780A134506040001001951AC0D0A,GT06,Heartbeat,0100,N/A
2025-10-02 19:45:13.364,78780A134506040001001A63370D0A,GT06,Heartbeat,0100,N/A
2025-10-02 19:49:13.400,78780A134506040001001B72BE0D0A,GT06,Heartbeat,0100,N/A
2025-10-02 19:53:13.497,78780A134506040001001C06010D0A,GT06,Heartbeat,0100,N/A
2025-10-02 19:57:56.513,78780D010869412074576791001E06850D0A,GT06,Login,9100,N/A
2025-10-02 19:57:58.618,78780A134506040001001F349A0D0A,GT06,Heartbeat,0100,N/A
2025-10-02 19:57:59.492,78782F32190A0216391FC6024F7C9C04E909E000180002D4059CC7055738060000000000000004D8000811A5422D0020C9D60D0A,GT06,Alarm,2D00,N/A
2025-10-02 20:01:58.721,78780A1345060400010021EC670D0A,GT06,Heartbeat,0100,N/A
2025-10-02 20:05:58.836,78780A1345060400010022DEFC0D0A,GT06,Heartbeat,0100,N/A
2025-10-02 20:09:58.919,78780A1345060400010023CF750D0A,GT06,Heartbeat,0100,N/A
2025-10-02 20:15:12.448,78780D0108694120745767910026BB4E0D0A,GT06,Login,9100,N/A
2025-10-02 20:15:13.957,78780A1345060300010027B98D0D0A,GT06,Heartbeat,0100,N/A
2025-10-02 20:19:14.102,78780A1345060300010028417A0D0A,GT06,Heartbeat,0100,N/A
2025-10-02 20:23:14.771,78780A134506030001002950F30D0A,GT06,Heartbeat,0100,N/A
2025-10-02 20:27:14.305,78780A134506030001002A62680D0A,GT06,Heartbeat,0100,N/A
2025-10-02 20:31:14.413,78780A134506040001002B433D0D0A,GT06,Heartbeat,0100,N/A
2025-10-02 20:35:57.536,78780D010869412074576791002D059D0D0A,GT06,Login,9100,N/A
2025-10-02 20:35:59.487,78780A134506040001002E14900D0A,GT06,Heartbeat,0100,N/A
2025-10-02 20:39:59.666,78780A134506040001002F05190D0A,GT06,Heartbeat,0100,N/A
2025-10-02 20:43:59.970,78780A1345060400010030ED6F0D0A,GT06,Heartbeat,0100,N/A
2025-10-02 20:47:59.903,78780A1345060400010031FCE60D0A,GT06,Heartbeat,0100,N/A
2025-10-02 20:52:24.960,78780A1345060300010032FEA10D0A,GT06,Heartbeat,0100,N/A
2025-10-02 20:53:14.370,78780D010869412074576791003488DD0D0A,GT06,Login,9100,N/A
2025-10-02 20:53:16.508,78780A13450603000100358A1E0D0A,GT06,Heartbeat,0100,N/A
2025-10-02 20:57:16.049,78780A1345060300010036B8850D0A,GT06,Heartbeat,0100,N/A
2025-10-02 20:57:37.120,78782F32190A0217391FC6024F7C9C04E909E000180002D4059CC7055738060000000000000004D8000811A5422D0037333F0D0A,GT06,Alarm,2D00,N/A
2025-10-02 21:01:16.171,78780A134506030001003851FB0D0A,GT06,Heartbeat,0100,N/A
2025-10-02 21:05:16.322,78780A134506030001003940720D0A,GT06,Heartbeat,0100,N/A
2025-10-02 21:09:16.378,78780A134506040001003A42350D0A,GT06,Heartbeat,0100,N/A
2025-10-02 21:13:59.349,78780D010869412074576791003C04950D0A,GT06,Login,9100,N/A
2025-10-02 21:14:01.347,78780A134506030001003D06560D0A,GT06,Heartbeat,0100,N/A
2025-10-02 21:18:01.592,78780A134506040001003E04110D0A,GT06,Heartbeat,0100,N/A
2025-10-02 21:22:01.672,78780A134506040001003F15980D0A,GT06,Heartbeat,0100,N/A
2025-10-02 21:26:01.789,78780A13450604000100409EE80D0A,GT06,Heartbeat,0100,N/A
2025-10-02 21:31:15.364,78780D01086941207457679100438FE50D0A,GT06,Login,9100,N/A
2025-10-02 21:31:17.553,78780A1345060300010044E8100D0A,GT06,Heartbeat,0100,N/A
2025-10-02 21:35:17.396,78780A1345060300010045F9990D0A,GT06,Heartbeat,0100,N/A
2025-10-02 21:39:17.060,78780A1345060300010046CB020D0A,GT06,Heartbeat,0100,N/A
2025-10-02 21:43:17.158,78780A1345060300010047DA8B0D0A,GT06,Heartbeat,0100,N/A
2025-10-02 21:47:17.260,78780A1345060300010048227C0D0A,GT06,Heartbeat,0100,N/A
2025-10-02 21:51:17.355,78780A134506030001004933F50D0A,GT06,Heartbeat,0100,N/A
2025-10-02 21:55:17.437,78780A134506030001004A016E0D0A,GT06,Heartbeat,0100,N/A
2025-10-02 21:57:38.541,78782F32190A0300391FC6024F7C9C04E909E000180002D4059CC7055738060000000000000004D8000811A5422D004B4D870D0A,GT06,Alarm,2D00,N/A
2025-10-02 21:59:17.552,78780A134506030001004C64580D0A,GT06,Heartbeat,0100,N/A
2025-10-02 22:03:17.631,78780A134506030001004D75D10D0A,GT06,Heartbeat,0100,N/A
2025-10-02 22:07:17.744,78780A134506030001004E474A0D0A,GT06,Heartbeat,0100,N/A
2025-10-02 22:11:17.832,78780A134506030001004F56C30D0A,GT06,Heartbeat,0100,N/A
2025-10-02 22:15:17.947,78780A1345060300010050BEB50D0A,GT06,Heartbeat,0100,N/A
2025-10-02 22:19:18.045,78780A1345060300010051AF3C0D0A,GT06,Heartbeat,0100,N/A
2025-10-02 22:23:18.129,78780A13450603000100529DA70D0A,GT06,Heartbeat,0100,N/A
2025-10-02 22:27:18.209,78780A13450603000100538C2E0D0A,GT06,Heartbeat,0100,N/A
2025-10-02 22:31:18.343,78780A1345060300010054F8910D0A,GT06,Heartbeat,0100,N/A
2025-10-02 22:35:18.431,78780A1345060300010055E9180D0A,GT06,Heartbeat,0100,N/A
2025-10-02 22:39:18.525,78780A1345060300010056DB830D0A,GT06,Heartbeat,0100,N/A
2025-10-02 22:43:18.640,78780A1345060300010057CA0A0D0A,GT06,Heartbeat,0100,N/A
2025-10-02 22:48:01.673,78780D0108694120745767910059303E0D0A,GT06,Login,9100,N/A
2025-10-02 22:48:03.669,78780A134506030001005A11EF0D0A,GT06,Heartbeat,0100,N/A
2025-10-02 22:52:03.887,78780A134506030001005B00660D0A,GT06,Heartbeat,0100,N/A
2025-10-02 22:56:04.015,78780A134506030001005C74D90D0A,GT06,Heartbeat,0100,N/A
2025-10-02 22:57:40.027,78782F32190A0301391FC6024F7C9C04E909E000180002D4059CC7055738A40000000000000004D8000811A5422D005D36380D0A,GT06,Alarm,2D00,N/A
2025-10-02 23:00:04.519,78780A134506030001005E57CB0D0A,GT06,Heartbeat,0100,N/A
2025-10-02 23:04:47.121,78780D01086941207457679100609C7C0D0A,GT06,Login,9100,N/A
2025-10-02 23:04:49.509,78780A13450603000100619EBF0D0A,GT06,Heartbeat,0100,N/A
2025-10-02 23:08:50.573,78780A1345060300010062AC240D0A,GT06,Heartbeat,0100,N/A
2025-10-02 23:12:49.374,78780A1345060300010063BDAD0D0A,GT06,Heartbeat,0100,N/A
2025-10-02 23:16:50.192,78780A1345060300010064C9120D0A,GT06,Heartbeat,0100,N/A
2025-10-02 23:20:49.553,78780A1345060300010065D89B0D0A,GT06,Heartbeat,0100,N/A
2025-10-02 23:25:32.684,78780D0108694120745767910067E8C30D0A,GT06,Login,9100,N/A
2025-10-02 23:25:34.608,78780A1345060300010068037E0D0A,GT06,Heartbeat,0100,N/A
2025-10-02 23:29:34.809,78780A134506030001006912F70D0A,GT06,Heartbeat,0100,N/A
2025-10-02 23:33:34.876,78780A134506030001006A206C0D0A,GT06,Heartbeat,0100,N/A
2025-10-02 23:37:34.978,78780A134506030001006B31E50D0A,GT06,Heartbeat,0100,N/A
2025-10-02 23:41:35.094,78780A134506030001006C455A0D0A,GT06,Heartbeat,0100,N/A
2025-10-02 23:45:35.196,78780A134506030001006D54D30D0A,GT06,Heartbeat,0100,N/A
2025-10-02 23:49:35.300,78780A134506030001006E66480D0A,GT06,Heartbeat,0100,N/A
2025-10-02 23:53:35.384,78780A134506030001006F77C10D0A,GT06,Heartbeat,0100,N/A
2025-10-02 23:57:35.469,78780A13450603000100709FB70D0A,GT06,Heartbeat,0100,N/A
2025-10-02 23:57:41.380,78782F32190A0302391FC6024F7C9C04E909E000180002D4059CC7055738060000000000000004D8000811A5422D0071E6E10D0A,GT06,Alarm,2D00,N/A
