"lmsid_old","lmsserie","lmsidprotocolo","lmsdatahorainc","lmsbytes","lmsflagio","lmsmensagem","lmstipomensagem","lsmbytescompress","lmsdatahoraexibicao","lmsid","lmsiporigem","lmsportaorigem","lmsreceiverinstance","lmsidcanalcomunicacao"
NULL,"869412074480093",0,"2025-10-17 00:00:47.242",52,True,"78782F32190A1103002DC40337B0D4057D955800880002D406C4AF0AAF7801010000004A9494056E00075D8D422D0003A2DD0D0A",0,0,NULL,NULL,"10.244.203.192",50241,NULL,NULL
NULL,"869412074480093",0,"2025-10-17 00:02:07.265",15,True,"78780A134606040001000432A60D0A",0,0,NULL,NULL,"10.244.203.192",50241,NULL,NULL
NULL,"869412074480093",0,"2025-10-17 00:03:48.185",52,True,"78782F32190A1103032DC603377108057DA73800986802D406C4AF0AB14334010000004A9494057800075E41422D000528A70D0A",0,0,NULL,NULL,"10.244.203.192",50241,NULL,NULL
NULL,"869412074480093",0,"2025-10-17 00:05:36.311",18,True,"78780D01086941207448009300005ABB0D0A",0,0,NULL,NULL,"10.244.39.197",46630,NULL,NULL
NULL,"869412074480093",0,"2025-10-17 00:05:38.312",15,True,"78780A130606030001000192D10D0A",0,0,NULL,NULL,"10.244.39.197",46630,NULL,NULL
NULL,"869412074480093",0,"2025-10-17 00:05:39.316",52,True,"78782F32190A1103030BC60337725C057DAB38009800000000000000000000010000004A9494057800075E41422D00022BCD0D0A",0,0,NULL,NULL,"10.244.39.197",46630,NULL,NULL
NULL,"869412074480093",0,"2025-10-17 00:08:19.454",52,True,"78782F32190A11030811C40337DE1C057DF7980088D402D406C4AF0AAF6A01010000004A9C00057800075EF5422D000334290D0A",0,0,NULL,NULL,"10.244.39.197",46630,NULL,NULL
NULL,"869412074480093",0,"2025-10-17 00:09:39.521",15,True,"78780A134606040001000432A60D0A",0,0,NULL,NULL,"10.244.39.197",46630,NULL,NULL
NULL,"869412074480093",0,"2025-10-17 00:11:19.58",52,True,"78782F32190A11030B11C703386F70057DE2684B98AE02D406C4AF0AAF5917010000004AA560057800075FA9422D0005DC5F0D0A",0,0,NULL,NULL,"10.244.39.197",46630,NULL,NULL
NULL,"869412074480093",0,"2025-10-17 00:13:39.59",15,True,"78780A134606040001000611B40D0A",0,0,NULL,NULL,"10.244.39.197",46630,NULL,NULL
NULL,"869412074480093",0,"2025-10-17 00:14:19.697",52,True,"78782F32190A11030E12C70339171C057D85404898AA02D406C8970AAFAC17010000004AB11805820007605D422D0007462B0D0A",0,0,NULL,NULL,"10.244.39.197",46630,NULL,NULL
NULL,"869412074480093",0,"2025-10-17 00:17:19.691",52,True,"78782F32190A11031112C803397988057D65B83998A402D406C8970AB2BF03010000004ABADC057800076111422D00080F1E0D0A",0,0,NULL,NULL,"10.244.39.197",46630,NULL,NULL
NULL,"869412074480093",0,"2025-10-17 00:17:39.678",15,True,"78780A1346060400010009E9430D0A",0,0,NULL,NULL,"10.244.39.197",46630,NULL,NULL
NULL,"869412074480093",0,"2025-10-17 00:18:43.734",46,True,"78782916190A1103122AC603398B84057D4CD80008C00802D406C897B2BF02040603FF01004ABD34000A33280D0A",0,0,NULL,NULL,"10.244.39.197",46630,NULL,NULL
NULL,"869412074480093",0,"2025-10-17 00:18:44.685",15,True,"78780A130406030001000B0A300D0A",0,0,NULL,NULL,"10.244.39.197",46630,NULL,NULL
NULL,"869412074480093",0,"2025-10-17 00:19:42.743",52,True,"78782F32190A1103132AC603398B60057D4CD00018C002D406C8970AB2BF02000000004ABD34050000076165422D000C407F0D0A",0,0,NULL,NULL,"10.244.39.197",46630,NULL,NULL
NULL,"869412074480093",0,"2025-10-17 00:21:39.833",15,True,"78780A134406040001000D98DC0D0A",0,0,NULL,NULL,"10.244.39.197",46630,NULL,NULL
NULL,"869412074480093",0,"2025-10-17 00:21:43.699",15,True,"78780A134506040001000E35920D0A",0,0,NULL,NULL,"10.244.39.197",46630,NULL,NULL
NULL,"869412074480093",0,"2025-10-17 00:25:39.89",15,True,"78780A134506040001000F241B0D0A",0,0,NULL,NULL,"10.244.39.197",46630,NULL,NULL
NULL,"869412074480093",0,"2025-10-17 00:29:39.987",15,True,"78780A1345060400010010CC6D0D0A",0,0,NULL,NULL,"10.244.39.197",46630,NULL,NULL
NULL,"869412074480093",0,"2025-10-17 00:33:40.759",15,True,"78780A1345060400010011DDE40D0A",0,0,NULL,NULL,"10.244.39.197",46630,NULL,NULL
NULL,"869412074480093",0,"2025-10-17 00:37:40.166",15,True,"78780A1345060400010012EF7F0D0A",0,0,NULL,NULL,"10.244.39.197",46630,NULL,NULL
NULL,"869412074480093",0,"2025-10-17 00:41:40.264",15,True,"78780A1345060400010013FEF60D0A",0,0,NULL,NULL,"10.244.39.197",46630,NULL,NULL
NULL,"869412074480093",0,"2025-10-17 00:45:40.364",15,True,"78780A13450604000100148A490D0A",0,0,NULL,NULL,"10.244.39.197",46630,NULL,NULL
NULL,"869412074480093",0,"2025-10-17 00:49:40.451",15,True,"78780A13450604000100159BC00D0A",0,0,NULL,NULL,"10.244.39.197",46630,NULL,NULL
NULL,"869412074480093",0,"2025-10-17 00:53:40.575",15,True,"78780A1345060400010016A95B0D0A",0,0,NULL,NULL,"10.244.39.197",46630,NULL,NULL
NULL,"869412074480093",0,"2025-10-17 00:57:40.659",15,True,"78780A1345060400010017B8D20D0A",0,0,NULL,NULL,"10.244.39.197",46630,NULL,NULL
NULL,"869412074480093",0,"2025-10-17 01:01:40.833",15,True,"78780A134506040001001840250D0A",0,0,NULL,NULL,"10.244.39.197",46630,NULL,NULL
NULL,"869412074480093",0,"2025-10-17 01:05:40.844",15,True,"78780A134506040001001951AC0D0A",0,0,NULL,NULL,"10.244.39.197",46630,NULL,NULL
NULL,"869412074480093",0,"2025-10-17 01:09:40.945",15,True,"78780A134506040001001A63370D0A",0,0,NULL,NULL,"10.244.39.197",46630,NULL,NULL
NULL,"869412074480093",0,"2025-10-17 01:13:41.052",15,True,"78780A134506040001001B72BE0D0A",0,0,NULL,NULL,"10.244.39.197",46630,NULL,NULL
NULL,"869412074480093",0,"2025-10-17 01:17:41.196",15,True,"78780A134506040001001C06010D0A",0,0,NULL,NULL,"10.244.39.197",46630,NULL,NULL
NULL,"869412074480093",0,"2025-10-17 01:18:45.222",52,True,"78782F32190A1104122AC603398B60057D4CD00018C002D406C8970AB2BF02000000004ABD34050A00076165422D001D6B6B0D0A",0,0,NULL,NULL,"10.244.39.197",46630,NULL,NULL
NULL,"869412074480093",0,"2025-10-17 01:21:41.236",15,True,"78780A134506040001001E25130D0A",0,0,NULL,NULL,"10.244.39.197",46630,NULL,NULL
NULL,"869412074480093",0,"2025-10-17 01:25:41.326",15,True,"78780A134506040001001F349A0D0A",0,0,NULL,NULL,"10.244.39.197",46630,NULL,NULL
NULL,"869412074480093",0,"2025-10-17 01:29:41.44",15,True,"78780A1345060400010020FDEE0D0A",0,0,NULL,NULL,"10.244.39.197",46630,NULL,NULL
NULL,"869412074480093",0,"2025-10-17 01:33:41.554",15,True,"78780A1345060400010021EC670D0A",0,0,NULL,NULL,"10.244.39.197",46630,NULL,NULL
NULL,"869412074480093",0,"2025-10-17 01:37:41.631",15,True,"78780A1345060400010022DEFC0D0A",0,0,NULL,NULL,"10.244.39.197",46630,NULL,NULL
NULL,"869412074480093",0,"2025-10-17 01:41:41.733",15,True,"78780A1345060400010023CF750D0A",0,0,NULL,NULL,"10.244.39.197",46630,NULL,NULL
NULL,"869412074480093",0,"2025-10-17 01:45:41.832",15,True,"78780A1345060400010024BBCA0D0A",0,0,NULL,NULL,"10.244.39.197",46630,NULL,NULL
NULL,"869412074480093",0,"2025-10-17 01:49:41.919",15,True,"78780A1345060400010025AA430D0A",0,0,NULL,NULL,"10.244.39.197",46630,NULL,NULL
NULL,"869412074480093",0,"2025-10-17 01:53:42.04",15,True,"78780A134506040001002698D80D0A",0,0,NULL,NULL,"10.244.39.197",46630,NULL,NULL
NULL,"869412074480093",0,"2025-10-17 01:57:42.127",15,True,"78780A134506040001002789510D0A",0,0,NULL,NULL,"10.244.39.197",46630,NULL,NULL
NULL,"869412074480093",0,"2025-10-17 02:01:42.218",15,True,"78780A134506040001002871A60D0A",0,0,NULL,NULL,"10.244.39.197",46630,NULL,NULL
NULL,"869412074480093",0,"2025-10-17 02:05:42.331",15,True,"78780A1345060400010029602F0D0A",0,0,NULL,NULL,"10.244.39.197",46630,NULL,NULL
NULL,"869412074480093",0,"2025-10-17 02:09:42.421",15,True,"78780A134506040001002A52B40D0A",0,0,NULL,NULL,"10.244.39.197",46630,NULL,NULL
NULL,"869412074480093",0,"2025-10-17 02:13:42.51",15,True,"78780A134506040001002B433D0D0A",0,0,NULL,NULL,"10.244.39.197",46630,NULL,NULL
NULL,"869412074480093",0,"2025-10-17 02:17:42.597",15,True,"78780A134506040001002C37820D0A",0,0,NULL,NULL,"10.244.39.197",46630,NULL,NULL
NULL,"869412074480093",0,"2025-10-17 02:18:46.619",52,True,"78782F32190A1105122AC603398B60057D4CD00018C002D406C8970AB2BF02000000004ABD34050000076165422D002D200F0D0A",0,0,NULL,NULL,"10.244.39.197",46630,NULL,NULL
NULL,"869412074480093",0,"2025-10-17 02:21:42.681",15,True,"78780A134506030001002E244C0D0A",0,0,NULL,NULL,"10.244.39.197",46630,NULL,NULL
NULL,"869412074480093",0,"2025-10-17 02:25:42.822",15,True,"78780A134506030001002F35C50D0A",0,0,NULL,NULL,"10.244.39.197",46630,NULL,NULL
NULL,"869412074480093",0,"2025-10-17 02:29:42.902",15,True,"78780A1345060300010030DDB30D0A",0,0,NULL,NULL,"10.244.39.197",46630,NULL,NULL
NULL,"869412074480093",0,"2025-10-17 02:33:42.985",15,True,"78780A1345060300010031CC3A0D0A",0,0,NULL,NULL,"10.244.39.197",46630,NULL,NULL
NULL,"869412074480093",0,"2025-10-17 02:37:43.09",15,True,"78780A1345060300010032FEA10D0A",0,0,NULL,NULL,"10.244.39.197",46630,NULL,NULL
NULL,"869412074480093",0,"2025-10-17 02:41:43.196",15,True,"78780A1345060300010033EF280D0A",0,0,NULL,NULL,"10.244.39.197",46630,NULL,NULL
NULL,"869412074480093",0,"2025-10-17 02:45:43.288",15,True,"78780A13450603000100349B970D0A",0,0,NULL,NULL,"10.244.39.197",46630,NULL,NULL
NULL,"869412074480093",0,"2025-10-17 02:49:43.377",15,True,"78780A13450603000100358A1E0D0A",0,0,NULL,NULL,"10.244.39.197",46630,NULL,NULL
NULL,"869412074480093",0,"2025-10-17 02:53:43.465",15,True,"78780A1345060300010036B8850D0A",0,0,NULL,NULL,"10.244.39.197",46630,NULL,NULL
NULL,"869412074480093",0,"2025-10-17 02:57:43.572",15,True,"78780A1345060300010037A90C0D0A",0,0,NULL,NULL,"10.244.39.197",46630,NULL,NULL
NULL,"869412074480093",0,"2025-10-17 03:01:45.207",15,True,"78780A134506030001003851FB0D0A",0,0,NULL,NULL,"10.244.39.197",46630,NULL,NULL
NULL,"869412074480093",0,"2025-10-17 03:05:43.765",15,True,"78780A134506030001003940720D0A",0,0,NULL,NULL,"10.244.39.197",46630,NULL,NULL
NULL,"869412074480093",0,"2025-10-17 03:09:43.854",15,True,"78780A134506030001003A72E90D0A",0,0,NULL,NULL,"10.244.39.197",46630,NULL,NULL
NULL,"869412074480093",0,"2025-10-17 03:13:43.961",15,True,"78780A134506030001003B63600D0A",0,0,NULL,NULL,"10.244.39.197",46630,NULL,NULL
NULL,"869412074480093",0,"2025-10-17 03:17:44.014",15,True,"78780A134506030001003C17DF0D0A",0,0,NULL,NULL,"10.244.39.197",46630,NULL,NULL
NULL,"869412074480093",0,"2025-10-17 03:18:48.102",52,True,"78782F32190A1106122AC603398B60057D4CD00018C002D406C8970AB2BF02000000004ABD34050000076165422D003D9BE60D0A",0,0,NULL,NULL,"10.244.39.197",46630,NULL,NULL
NULL,"869412074480093",0,"2025-10-17 03:21:44.133",15,True,"78780A134506030001003E34CD0D0A",0,0,NULL,NULL,"10.244.39.197",46630,NULL,NULL
NULL,"869412074480093",0,"2025-10-17 03:25:44.242",15,True,"78780A134506030001003F25440D0A",0,0,NULL,NULL,"10.244.39.197",46630,NULL,NULL
NULL,"869412074480093",0,"2025-10-17 03:29:44.352",15,True,"78780A1345060300010040AE340D0A",0,0,NULL,NULL,"10.244.39.197",46630,NULL,NULL
NULL,"869412074480093",0,"2025-10-17 03:33:44.465",15,True,"78780A1345060300010041BFBD0D0A",0,0,NULL,NULL,"10.244.39.197",46630,NULL,NULL
NULL,"869412074480093",0,"2025-10-17 03:37:44.568",15,True,"78780A13450603000100428D260D0A",0,0,NULL,NULL,"10.244.39.197",46630,NULL,NULL
NULL,"869412074480093",0,"2025-10-17 03:41:44.884",15,True,"78780A13450603000100439CAF0D0A",0,0,NULL,NULL,"10.244.39.197",46630,NULL,NULL
NULL,"869412074480093",0,"2025-10-17 03:45:44.726",15,True,"78780A1345060300010044E8100D0A",0,0,NULL,NULL,"10.244.39.197",46630,NULL,NULL
NULL,"869412074480093",0,"2025-10-17 03:49:45.096",15,True,"78780A1345060300010045F9990D0A",0,0,NULL,NULL,"10.244.39.197",46630,NULL,NULL
NULL,"869412074480093",0,"2025-10-17 03:53:44.938",15,True,"78780A1345060300010046CB020D0A",0,0,NULL,NULL,"10.244.39.197",46630,NULL,NULL
NULL,"869412074480093",0,"2025-10-17 03:57:45.009",15,True,"78780A1345060300010047DA8B0D0A",0,0,NULL,NULL,"10.244.39.197",46630,NULL,NULL
NULL,"869412074480093",0,"2025-10-17 04:01:45.12",15,True,"78780A1345060300010048227C0D0A",0,0,NULL,NULL,"10.244.39.197",46630,NULL,NULL
NULL,"869412074480093",0,"2025-10-17 04:05:45.206",15,True,"78780A134506030001004933F50D0A",0,0,NULL,NULL,"10.244.39.197",46630,NULL,NULL
NULL,"869412074480093",0,"2025-10-17 04:09:45.476",15,True,"78780A134506030001004A016E0D0A",0,0,NULL,NULL,"10.244.39.197",46630,NULL,NULL
NULL,"869412074480093",0,"2025-10-17 04:13:45.465",15,True,"78780A134506030001004B10E70D0A",0,0,NULL,NULL,"10.244.39.197",46630,NULL,NULL
NULL,"869412074480093",0,"2025-10-17 04:17:45.656",15,True,"78780A134506030001004C64580D0A",0,0,NULL,NULL,"10.244.39.197",46630,NULL,NULL
NULL,"869412074480093",0,"2025-10-17 04:18:49.543",52,True,"78782F32190A1107122AC603398B60057D4CD00018C002D406C8970AB2BF02000000004ABD3404F600076165422D004DD4970D0A",0,0,NULL,NULL,"10.244.39.197",46630,NULL,NULL
NULL,"869412074480093",0,"2025-10-17 04:21:45.612",15,True,"78780A134506030001004E474A0D0A",0,0,NULL,NULL,"10.244.39.197",46630,NULL,NULL
NULL,"869412074480093",0,"2025-10-17 04:25:46.8",15,True,"78780A134506030001004F56C30D0A",0,0,NULL,NULL,"10.244.39.197",46630,NULL,NULL
NULL,"869412074480093",0,"2025-10-17 04:29:45.795",15,True,"78780A1345060300010050BEB50D0A",0,0,NULL,NULL,"10.244.39.197",46630,NULL,NULL
NULL,"869412074480093",0,"2025-10-17 04:33:45.908",15,True,"78780A1345060300010051AF3C0D0A",0,0,NULL,NULL,"10.244.39.197",46630,NULL,NULL
NULL,"869412074480093",0,"2025-10-17 04:37:45.963",15,True,"78780A13450603000100529DA70D0A",0,0,NULL,NULL,"10.244.39.197",46630,NULL,NULL
NULL,"869412074480093",0,"2025-10-17 04:41:46.084",15,True,"78780A13450603000100538C2E0D0A",0,0,NULL,NULL,"10.244.39.197",46630,NULL,NULL
NULL,"869412074480093",0,"2025-10-17 04:45:46.173",15,True,"78780A1345060300010054F8910D0A",0,0,NULL,NULL,"10.244.39.197",46630,NULL,NULL
NULL,"869412074480093",0,"2025-10-17 04:49:46.362",15,True,"78780A1345060300010055E9180D0A",0,0,NULL,NULL,"10.244.39.197",46630,NULL,NULL
NULL,"869412074480093",0,"2025-10-17 04:53:46.355",15,True,"78780A1345060300010056DB830D0A",0,0,NULL,NULL,"10.244.39.197",46630,NULL,NULL
NULL,"869412074480093",0,"2025-10-17 04:57:46.492",15,True,"78780A1345060300010057CA0A0D0A",0,0,NULL,NULL,"10.244.39.197",46630,NULL,NULL
NULL,"869412074480093",0,"2025-10-17 05:01:46.58",15,True,"78780A134506030001005832FD0D0A",0,0,NULL,NULL,"10.244.39.197",46630,NULL,NULL
NULL,"869412074480093",0,"2025-10-17 05:05:46.647",15,True,"78780A134506030001005923740D0A",0,0,NULL,NULL,"10.244.39.197",46630,NULL,NULL
NULL,"869412074480093",0,"2025-10-17 05:09:46.776",15,True,"78780A134506030001005A11EF0D0A",0,0,NULL,NULL,"10.244.39.197",46630,NULL,NULL
NULL,"869412074480093",0,"2025-10-17 05:13:46.858",15,True,"78780A134506030001005B00660D0A",0,0,NULL,NULL,"10.244.39.197",46630,NULL,NULL
NULL,"869412074480093",0,"2025-10-17 05:17:46.953",15,True,"78780A134506030001005C74D90D0A",0,0,NULL,NULL,"10.244.39.197",46630,NULL,NULL
NULL,"869412074480093",0,"2025-10-17 05:18:50.984",52,True,"78782F32190A1108122AC603398B60057D4CD00018C002D406C8970AB2BF02000000004ABD3404F600076165422D005DD2FC0D0A",0,0,NULL,NULL,"10.244.39.197",46630,NULL,NULL
NULL,"869412074480093",0,"2025-10-17 05:21:47.243",15,True,"78780A134506030001005E57CB0D0A",0,0,NULL,NULL,"10.244.39.197",46630,NULL,NULL
NULL,"869412074480093",0,"2025-10-17 05:25:47.814",15,True,"78780A134506030001005F46420D0A",0,0,NULL,NULL,"10.244.39.197",46630,NULL,NULL
NULL,"869412074480093",0,"2025-10-17 05:29:47.212",15,True,"78780A13450603000100608F360D0A",0,0,NULL,NULL,"10.244.39.197",46630,NULL,NULL
NULL,"869412074480093",0,"2025-10-17 05:33:47.326",15,True,"78780A13450603000100619EBF0D0A",0,0,NULL,NULL,"10.244.39.197",46630,NULL,NULL
NULL,"869412074480093",0,"2025-10-17 05:37:47.636",15,True,"78780A1345060300010062AC240D0A",0,0,NULL,NULL,"10.244.39.197",46630,NULL,NULL
NULL,"869412074480093",0,"2025-10-17 05:41:48.193",15,True,"78780A1345060300010063BDAD0D0A",0,0,NULL,NULL,"10.244.39.197",46630,NULL,NULL
NULL,"869412074480093",0,"2025-10-17 05:45:48.1",15,True,"78780A1345060300010064C9120D0A",0,0,NULL,NULL,"10.244.39.197",46630,NULL,NULL
NULL,"869412074480093",0,"2025-10-17 05:49:47.892",15,True,"78780A1345060300010065D89B0D0A",0,0,NULL,NULL,"10.244.39.197",46630,NULL,NULL
NULL,"869412074480093",0,"2025-10-17 05:53:47.816",15,True,"78780A1345060300010066EA000D0A",0,0,NULL,NULL,"10.244.39.197",46630,NULL,NULL
NULL,"869412074480093",0,"2025-10-17 05:57:48.081",15,True,"78780A1345060300010067FB890D0A",0,0,NULL,NULL,"10.244.39.197",46630,NULL,NULL
NULL,"869412074480093",0,"2025-10-17 06:01:48.055",15,True,"78780A1345060300010068037E0D0A",0,0,NULL,NULL,"10.244.39.197",46630,NULL,NULL
NULL,"869412074480093",0,"2025-10-17 06:05:48.104",15,True,"78780A1345060400010069222B0D0A",0,0,NULL,NULL,"10.244.39.197",46630,NULL,NULL
NULL,"869412074480093",0,"2025-10-17 06:09:48.182",15,True,"78780A134506040001006A10B00D0A",0,0,NULL,NULL,"10.244.39.197",46630,NULL,NULL
NULL,"869412074480093",0,"2025-10-17 06:13:48.353",15,True,"78780A134506040001006B01390D0A",0,0,NULL,NULL,"10.244.39.197",46630,NULL,NULL
NULL,"869412074480093",0,"2025-10-17 06:17:48.38",15,True,"78780A134506040001006C75860D0A",0,0,NULL,NULL,"10.244.39.197",46630,NULL,NULL
NULL,"869412074480093",0,"2025-10-17 06:18:52.405",52,True,"78782F32190A1109122AC603398B60057D4CD00018C002D406C8970AB2BF0C000000004ABD3404F600076165422D006D80970D0A",0,0,NULL,NULL,"10.244.39.197",46630,NULL,NULL
NULL,"869412074480093",0,"2025-10-17 06:21:48.477",15,True,"78780A134506040001006E56940D0A",0,0,NULL,NULL,"10.244.39.197",46630,NULL,NULL
NULL,"869412074480093",0,"2025-10-17 06:25:48.568",15,True,"78780A134506040001006F471D0D0A",0,0,NULL,NULL,"10.244.39.197",46630,NULL,NULL
NULL,"869412074480093",0,"2025-10-17 06:29:48.661",15,True,"78780A1345060400010070AF6B0D0A",0,0,NULL,NULL,"10.244.39.197",46630,NULL,NULL
NULL,"869412074480093",0,"2025-10-17 06:33:48.77",15,True,"78780A1345060400010071BEE20D0A",0,0,NULL,NULL,"10.244.39.197",46630,NULL,NULL
NULL,"869412074480093",0,"2025-10-17 06:37:48.844",15,True,"78780A13450604000100728C790D0A",0,0,NULL,NULL,"10.244.39.197",46630,NULL,NULL
NULL,"869412074480093",0,"2025-10-17 06:41:48.941",15,True,"78780A13450604000100739DF00D0A",0,0,NULL,NULL,"10.244.39.197",46630,NULL,NULL
NULL,"869412074480093",0,"2025-10-17 06:45:49.037",15,True,"78780A1345060400010074E94F0D0A",0,0,NULL,NULL,"10.244.39.197",46630,NULL,NULL
NULL,"869412074480093",0,"2025-10-17 06:49:49.14",15,True,"78780A1345060400010075F8C60D0A",0,0,NULL,NULL,"10.244.39.197",46630,NULL,NULL
NULL,"869412074480093",0,"2025-10-17 06:53:49.249",15,True,"78780A1345060400010076CA5D0D0A",0,0,NULL,NULL,"10.244.39.197",46630,NULL,NULL
NULL,"869412074480093",0,"2025-10-17 06:57:49.338",15,True,"78780A1345060400010077DBD40D0A",0,0,NULL,NULL,"10.244.39.197",46630,NULL,NULL
NULL,"869412074480093",0,"2025-10-17 07:01:49.5",15,True,"78780A134506040001007823230D0A",0,0,NULL,NULL,"10.244.39.197",46630,NULL,NULL
NULL,"869412074480093",0,"2025-10-17 07:05:49.607",15,True,"78780A134506040001007932AA0D0A",0,0,NULL,NULL,"10.244.39.197",46630,NULL,NULL
NULL,"869412074480093",0,"2025-10-17 07:09:49.698",15,True,"78780A134506040001007A00310D0A",0,0,NULL,NULL,"10.244.39.197",46630,NULL,NULL
NULL,"869412074480093",0,"2025-10-17 07:13:50.02",15,True,"78780A134506040001007B11B80D0A",0,0,NULL,NULL,"10.244.39.197",46630,NULL,NULL
NULL,"869412074480093",0,"2025-10-17 07:17:49.832",15,True,"78780A134506040001007C65070D0A",0,0,NULL,NULL,"10.244.39.197",46630,NULL,NULL
NULL,"869412074480093",0,"2025-10-17 07:18:53.86",52,True,"78782F32190A110A122AC603398B60057D4CD00018C002D406C8970AB2BF02000000004ABD3404F600076165422D007DC6410D0A",0,0,NULL,NULL,"10.244.39.197",46630,NULL,NULL
NULL,"869412074480093",0,"2025-10-17 07:21:49.997",15,True,"78780A134506040001007E46150D0A",0,0,NULL,NULL,"10.244.39.197",46630,NULL,NULL
NULL,"869412074480093",0,"2025-10-17 07:25:50.024",15,True,"78780A134506040001007F579C0D0A",0,0,NULL,NULL,"10.244.39.197",46630,NULL,NULL
NULL,"869412074480093",0,"2025-10-17 07:29:50.862",15,True,"78780A134506040001008058E40D0A",0,0,NULL,NULL,"10.244.39.197",46630,NULL,NULL
NULL,"869412074480093",0,"2025-10-17 07:33:50.243",15,True,"78780A134506030001008179B10D0A",0,0,NULL,NULL,"10.244.39.197",46630,NULL,NULL
NULL,"869412074480093",0,"2025-10-17 07:37:50.34",15,True,"78780A13450603000100824B2A0D0A",0,0,NULL,NULL,"10.244.39.197",46630,NULL,NULL
NULL,"869412074480093",0,"2025-10-17 07:41:50.406",15,True,"78780A13450603000100835AA30D0A",0,0,NULL,NULL,"10.244.39.197",46630,NULL,NULL
NULL,"869412074480093",0,"2025-10-17 07:45:50.521",15,True,"78780A13450604000100841EC00D0A",0,0,NULL,NULL,"10.244.39.197",46630,NULL,NULL
NULL,"869412074480093",0,"2025-10-17 07:49:50.605",15,True,"78780A13450604000100850F490D0A",0,0,NULL,NULL,"10.244.39.197",46630,NULL,NULL
NULL,"869412074480093",0,"2025-10-17 07:53:50.717",15,True,"78780A13450604000100863DD20D0A",0,0,NULL,NULL,"10.244.39.197",46630,NULL,NULL
NULL,"869412074480093",0,"2025-10-17 07:57:51.338",15,True,"78780A13450604000100872C5B0D0A",0,0,NULL,NULL,"10.244.39.197",46630,NULL,NULL
NULL,"869412074480093",0,"2025-10-17 08:01:50.941",15,True,"78780A1345060400010088D4AC0D0A",0,0,NULL,NULL,"10.244.39.197",46630,NULL,NULL
NULL,"869412074480093",0,"2025-10-17 08:05:51.027",15,True,"78780A1345060400010089C5250D0A",0,0,NULL,NULL,"10.244.39.197",46630,NULL,NULL
NULL,"869412074480093",0,"2025-10-17 08:09:51.662",15,True,"78780A134506040001008AF7BE0D0A",0,0,NULL,NULL,"10.244.39.197",46630,NULL,NULL
NULL,"869412074480093",0,"2025-10-17 08:13:51.206",15,True,"78780A134506040001008BE6370D0A",0,0,NULL,NULL,"10.244.39.197",46630,NULL,NULL
NULL,"869412074480093",0,"2025-10-17 08:17:51.306",15,True,"78780A134506040001008C92880D0A",0,0,NULL,NULL,"10.244.39.197",46630,NULL,NULL
NULL,"869412074480093",0,"2025-10-17 08:18:55.497",52,True,"78782F32190A110B122AC603398B60057D4CD00018C002D406C8970AB2BF0B000000004ABD3404F600076165422D008DA8B10D0A",0,0,NULL,NULL,"10.244.39.197",46630,NULL,NULL
NULL,"869412074480093",0,"2025-10-17 08:21:51.439",15,True,"78780A134506040001008EB19A0D0A",0,0,NULL,NULL,"10.244.39.197",46630,NULL,NULL
NULL,"869412074480093",0,"2025-10-17 08:25:51.506",15,True,"78780A134506040001008FA0130D0A",0,0,NULL,NULL,"10.244.39.197",46630,NULL,NULL
NULL,"869412074480093",0,"2025-10-17 08:29:51.588",15,True,"78780A134506040001009048650D0A",0,0,NULL,NULL,"10.244.39.197",46630,NULL,NULL
NULL,"869412074480093",0,"2025-10-17 08:33:51.679",15,True,"78780A134506040001009159EC0D0A",0,0,NULL,NULL,"10.244.39.197",46630,NULL,NULL
NULL,"869412074480093",0,"2025-10-17 08:37:51.789",15,True,"78780A13450604000100926B770D0A",0,0,NULL,NULL,"10.244.39.197",46630,NULL,NULL
NULL,"869412074480093",0,"2025-10-17 08:41:51.889",15,True,"78780A13450604000100937AFE0D0A",0,0,NULL,NULL,"10.244.39.197",46630,NULL,NULL
NULL,"869412074480093",0,"2025-10-17 08:45:51.999",15,True,"78780A13450604000100940E410D0A",0,0,NULL,NULL,"10.244.39.197",46630,NULL,NULL
NULL,"869412074480093",0,"2025-10-17 08:49:52.093",15,True,"78780A13450604000100951FC80D0A",0,0,NULL,NULL,"10.244.39.197",46630,NULL,NULL
NULL,"869412074480093",0,"2025-10-17 08:53:52.188",15,True,"78780A13450604000100962D530D0A",0,0,NULL,NULL,"10.244.39.197",46630,NULL,NULL
NULL,"869412074480093",0,"2025-10-17 08:57:52.265",15,True,"78780A13450604000100973CDA0D0A",0,0,NULL,NULL,"10.244.39.197",46630,NULL,NULL
NULL,"869412074480093",0,"2025-10-17 09:01:52.336",15,True,"78780A1345060400010098C42D0D0A",0,0,NULL,NULL,"10.244.39.197",46630,NULL,NULL
NULL,"869412074480093",0,"2025-10-17 09:05:52.458",15,True,"78780A1345060400010099D5A40D0A",0,0,NULL,NULL,"10.244.39.197",46630,NULL,NULL
NULL,"869412074480093",0,"2025-10-17 09:09:52.956",15,True,"78780A134506040001009AE73F0D0A",0,0,NULL,NULL,"10.244.39.197",46630,NULL,NULL
NULL,"869412074480093",0,"2025-10-17 09:13:52.761",15,True,"78780A134506040001009BF6B60D0A",0,0,NULL,NULL,"10.244.39.197",46630,NULL,NULL
NULL,"869412074480093",0,"2025-10-17 09:17:52.777",15,True,"78780A134506040001009C82090D0A",0,0,NULL,NULL,"10.244.39.197",46630,NULL,NULL
NULL,"869412074480093",0,"2025-10-17 09:18:03.757",46,True,"78782916190A110C1131C603398B60057D4CD00018C00802D406C897B2BF0C470604FE01004ABD34009DD0F30D0A",0,0,NULL,NULL,"10.244.39.197",46630,NULL,NULL
NULL,"869412074480093",0,"2025-10-17 09:18:04.707",15,True,"78780A134706040001009E96A00D0A",0,0,NULL,NULL,"10.244.39.197",46630,NULL,NULL
NULL,"869412074480093",0,"2025-10-17 09:18:06.694",15,True,"78780A134606040001009F18FC0D0A",0,0,NULL,NULL,"10.244.39.197",46630,NULL,NULL
NULL,"869412074480093",0,"2025-10-17 09:18:15.703",46,True,"78782916190A110C1201C003398B60057D4CD00008C00802D406C897B2BF0C040604FF01004ABD3400A0EE400D0A",0,0,NULL,NULL,"10.244.39.197",46630,NULL,NULL
NULL,"869412074480093",0,"2025-10-17 09:18:16.7",15,True,"78780A13040604000100A130BC0D0A",0,0,NULL,NULL,"10.244.39.197",46630,NULL,NULL
NULL,"869412074480093",0,"2025-10-17 09:21:16.112",15,True,"78780A13050604000100A29DF20D0A",0,0,NULL,NULL,"10.244.39.197",46630,NULL,NULL
NULL,"869412074480093",0,"2025-10-17 09:21:52.856",15,True,"78780A13050604000100A38C7B0D0A",0,0,NULL,NULL,"10.244.39.197",46630,NULL,NULL
NULL,"869412074480093",0,"2025-10-17 09:25:52.992",15,True,"78780A13050604000100A4F8C40D0A",0,0,NULL,NULL,"10.244.39.197",46630,NULL,NULL
NULL,"869412074480093",0,"2025-10-17 09:29:53.121",15,True,"78780A13050604000100A5E94D0D0A",0,0,NULL,NULL,"10.244.39.197",46630,NULL,NULL
NULL,"869412074480093",0,"2025-10-17 09:33:54.763",15,True,"78780A13050604000100A6DBD60D0A",0,0,NULL,NULL,"10.244.39.197",46630,NULL,NULL
NULL,"869412074480093",0,"2025-10-17 09:37:53.237",15,True,"78780A13050604000100A7CA5F0D0A",0,0,NULL,NULL,"10.244.39.197",46630,NULL,NULL
NULL,"869412074480093",0,"2025-10-17 09:41:53.368",15,True,"78780A13050604000100A832A80D0A",0,0,NULL,NULL,"10.244.39.197",46630,NULL,NULL
NULL,"869412074480093",0,"2025-10-17 09:45:53.431",15,True,"78780A13050604000100A923210D0A",0,0,NULL,NULL,"10.244.39.197",46630,NULL,NULL
NULL,"869412074480093",0,"2025-10-17 09:49:53.528",15,True,"78780A13050604000100AA11BA0D0A",0,0,NULL,NULL,"10.244.39.197",46630,NULL,NULL
NULL,"869412074480093",0,"2025-10-17 09:53:53.643",15,True,"78780A13050604000100AB00330D0A",0,0,NULL,NULL,"10.244.39.197",46630,NULL,NULL
NULL,"869412074480093",0,"2025-10-17 09:57:53.736",15,True,"78780A13050604000100AC748C0D0A",0,0,NULL,NULL,"10.244.39.197",46630,NULL,NULL
NULL,"869412074480093",0,"2025-10-17 10:01:53.815",15,True,"78780A13050604000100AD65050D0A",0,0,NULL,NULL,"10.244.39.197",46630,NULL,NULL
NULL,"869412074480093",0,"2025-10-17 10:05:54.751",15,True,"78780A13050604000100AE579E0D0A",0,0,NULL,NULL,"10.244.39.197",46630,NULL,NULL
NULL,"869412074480093",0,"2025-10-17 10:09:54.017",15,True,"78780A13050604000100AF46170D0A",0,0,NULL,NULL,"10.244.39.197",46630,NULL,NULL
NULL,"869412074480093",0,"2025-10-17 10:13:54.187",15,True,"78780A13050604000100B0AE610D0A",0,0,NULL,NULL,"10.244.39.197",46630,NULL,NULL
NULL,"869412074480093",0,"2025-10-17 10:17:54.208",15,True,"78780A13050604000100B1BFE80D0A",0,0,NULL,NULL,"10.244.39.197",46630,NULL,NULL
NULL,"869412074480093",0,"2025-10-17 10:18:17.224",52,True,"78782F32190A110D1201C003398B60057D4CD00008C002D406C8970AB2BF0B000000004ABD3404EC00076171422D00B257660D0A",0,0,NULL,NULL,"10.244.39.197",46630,NULL,NULL
NULL,"869412074480093",0,"2025-10-17 10:21:54.292",15,True,"78780A13050604000100B39CFA0D0A",0,0,NULL,NULL,"10.244.39.197",46630,NULL,NULL
NULL,"869412074480093",0,"2025-10-17 10:25:54.443",15,True,"78780A13050604000100B4E8450D0A",0,0,NULL,NULL,"10.244.39.197",46630,NULL,NULL
NULL,"869412074480093",0,"2025-10-17 10:29:54.522",15,True,"78780A13050604000100B5F9CC0D0A",0,0,NULL,NULL,"10.244.39.197",46630,NULL,NULL
NULL,"869412074480093",0,"2025-10-17 10:33:55.906",15,True,"78780A13050604000100B6CB570D0A",0,0,NULL,NULL,"10.244.39.197",46630,NULL,NULL
NULL,"869412074480093",0,"2025-10-17 10:37:54.699",15,True,"78780A13050604000100B7DADE0D0A",0,0,NULL,NULL,"10.244.39.197",46630,NULL,NULL
NULL,"869412074480093",0,"2025-10-17 10:41:54.82",15,True,"78780A13050604000100B822290D0A",0,0,NULL,NULL,"10.244.39.197",46630,NULL,NULL
NULL,"869412074480093",0,"2025-10-17 10:45:54.894",15,True,"78780A13050604000100B933A00D0A",0,0,NULL,NULL,"10.244.39.197",46630,NULL,NULL
NULL,"869412074480093",0,"2025-10-17 10:49:54.993",15,True,"78780A13050604000100BA013B0D0A",0,0,NULL,NULL,"10.244.39.197",46630,NULL,NULL
NULL,"869412074480093",0,"2025-10-17 10:50:14.016",46,True,"78782916190A110D3139C003398B60057D4CD00008C00802D406C897B2BF15070604FE01004ABD3400BB488D0D0A",0,0,NULL,NULL,"10.244.39.197",46630,NULL,NULL
NULL,"869412074480093",0,"2025-10-17 10:50:15.104",15,True,"78780A13070604000100BC53B60D0A",0,0,NULL,NULL,"10.244.39.197",46630,NULL,NULL
NULL,"869412074480093",0,"2025-10-17 10:50:16.923",15,True,"78780A13060604000100BDDDEA0D0A",0,0,NULL,NULL,"10.244.39.197",46630,NULL,NULL
NULL,"869412074480093",0,"2025-10-17 10:53:10.373",18,True,"78780D01086941207448009300005ABB0D0A",0,0,NULL,NULL,"10.244.79.64",31701,NULL,NULL
NULL,"869412074480093",0,"2025-10-17 10:53:12.379",15,True,"78780A1306060400010001A20D0D0A",0,0,NULL,NULL,"10.244.79.64",31701,NULL,NULL
NULL,"869412074480093",0,"2025-10-17 10:53:13.372",52,True,"78782F32190A110D2F32C003398B60057D4CD0008800000000000000000000010000004ABC6C0564000761EA422D000278410D0A",0,0,NULL,NULL,"10.244.79.64",31701,NULL,NULL
NULL,"869412074480093",0,"2025-10-17 10:54:11.441",18,True,"78780D01086941207448009300005ABB0D0A",0,0,NULL,NULL,"10.244.203.192",33396,NULL,NULL
NULL,"869412074480093",0,"2025-10-17 10:54:14.777",15,True,"78780A1306060400010001A20D0D0A",0,0,NULL,NULL,"10.244.203.192",33396,NULL,NULL
NULL,"869412074480093",0,"2025-10-17 10:54:14.797",52,True,"78782F32190A110D3512C603398A30057D4D78009800000000000000000000010000004ABC6C0578000761EA422D0002D9A90D0A",0,0,NULL,NULL,"10.244.203.192",33396,NULL,NULL
NULL,"869412074480093",0,"2025-10-17 10:56:57.35",52,True,"78782F32190A110D3835C9033985E8057D587013980A02D406C8970AB2BF0C010000004ABE6005780007629E422D000360400D0A",0,0,NULL,NULL,"10.244.203.192",33396,NULL,NULL
NULL,"869412074480093",0,"2025-10-17 10:58:14.689",15,True,"78780A134606040001000432A60D0A",0,0,NULL,NULL,"10.244.203.192",33396,NULL,NULL
NULL,"869412074480093",0,"2025-10-17 10:59:54.693",52,True,"78782F32190A110D3B35C903394D78057D7FA023980E02D406C8970AAFB801010000004AC2AC057800076352422D0005C5360D0A",0,0,NULL,NULL,"10.244.203.192",33396,NULL,NULL
NULL,"869412074480093",0,"2025-10-17 11:02:14.746",15,True,"78780A134606040001000611B40D0A",0,0,NULL,NULL,"10.244.203.192",33396,NULL,NULL
NULL,"869412074480093",0,"2025-10-17 11:02:54.742",52,True,"78782F32190A110E0235C903390B1C057D80F000993002D406C8970AAFAC15010000004AC6F8057800076406422D000744EE0D0A",0,0,NULL,NULL,"10.244.203.192",33396,NULL,NULL
NULL,"869412074480093",0,"2025-10-17 11:05:54.913",52,True,"78782F32190A110E0535C80338BBD8057DBE6822995402D406C4AF0AAF5015010000004ACCD4056E000764BA422D00087DED0D0A",0,0,NULL,NULL,"10.244.203.192",33396,NULL,NULL
NULL,"869412074480093",0,"2025-10-17 11:06:14.999",15,True,"78780A1346060400010009E9430D0A",0,0,NULL,NULL,"10.244.203.192",33396,NULL,NULL
NULL,"869412074480093",0,"2025-10-17 11:08:54.917",52,True,"78782F32190A110E0835C90338661C057DE1D02A996402D406C4AF0AAF5903010000004AD2B005780007656E422D000A53080D0A",0,0,NULL,NULL,"10.244.203.192",33396,NULL,NULL
NULL,"869412074480093",0,"2025-10-17 11:10:14.905",15,True,"78780A134606030001000BFA8D0D0A",0,0,NULL,NULL,"10.244.203.192",33396,NULL,NULL
NULL,"869412074480093",0,"2025-10-17 11:11:55.019",52,True,"78782F32190A110E0B35C9033819F4057DFC380C980002D406C4AF0AAF660B010000004AD760057800076622422D000CDCD90D0A",0,0,NULL,NULL,"10.244.203.192",33396,NULL,NULL
NULL,"869412074480093",0,"2025-10-17 11:14:15.179",15,True,"78780A134606040001000DAF670D0A",0,0,NULL,NULL,"10.244.203.192",33396,NULL,NULL
NULL,"869412074480093",0,"2025-10-17 11:14:55.067",52,True,"78782F32190A110E0E35CA03380E34057DFC4800980C02D406C4AF0AAF660B010000004AD828056E000766D6422D000E3F810D0A",0,0,NULL,NULL,"10.244.203.192",33396,NULL,NULL
NULL,"869412074480093",0,"2025-10-17 11:17:55.126",52,True,"78782F32190A110E1135CA0337D6C8057DEE0023982802D406C4AF0AAF6A0B010000004ADC1005780007678A422D000FEA240D0A",0,0,NULL,NULL,"10.244.203.192",33396,NULL,NULL
NULL,"869412074480093",0,"2025-10-17 11:18:15.133",15,True,"78780A134606040001001064030D0A",0,0,NULL,NULL,"10.244.203.192",33396,NULL,NULL
NULL,"869412074480093",0,"2025-10-17 11:20:42.167",46,True,"78782916190A110E1428C90337A5E4057DBC6000183E0802D406C4AFB7330D440604FF01004ADFF800115F390D0A",0,0,NULL,NULL,"10.244.203.192",33396,NULL,NULL
NULL,"869412074480093",0,"2025-10-17 11:20:43.101",15,True,"78780A134406040001001270AA0D0A",0,0,NULL,NULL,"10.244.203.192",33396,NULL,NULL
NULL,"869412074480093",0,"2025-10-17 11:21:41.222",52,True,"78782F32190A110E1528C90337A5E4057DBC6000183E02D406C4AF0AAF6A01000000004ADFF804EC00076831422D001365BE0D0A",0,0,NULL,NULL,"10.244.203.192",33396,NULL,NULL
NULL,"869412074480093",0,"2025-10-17 11:22:15.221",15,True,"78780A1344060400010014159C0D0A",0,0,NULL,NULL,"10.244.203.192",33396,NULL,NULL
NULL,"869412074480093",0,"2025-10-17 11:23:42.268",15,True,"78780A13450604000100159BC00D0A",0,0,NULL,NULL,"10.244.203.192",33396,NULL,NULL
NULL,"869412074480093",0,"2025-10-17 11:26:15.322",15,True,"78780A1345060400010016A95B0D0A",0,0,NULL,NULL,"10.244.203.192",33396,NULL,NULL
NULL,"869412074480093",0,"2025-10-17 11:30:15.459",15,True,"78780A1345060400010017B8D20D0A",0,0,NULL,NULL,"10.244.203.192",33396,NULL,NULL
NULL,"869412074480093",0,"2025-10-17 11:34:16.208",15,True,"78780A134506040001001840250D0A",0,0,NULL,NULL,"10.244.203.192",33396,NULL,NULL
NULL,"869412074480093",0,"2025-10-17 11:38:16.306",15,True,"78780A134506040001001951AC0D0A",0,0,NULL,NULL,"10.244.203.192",33396,NULL,NULL
NULL,"869412074480093",0,"2025-10-17 11:42:15.733",15,True,"78780A134506040001001A63370D0A",0,0,NULL,NULL,"10.244.203.192",33396,NULL,NULL
NULL,"869412074480093",0,"2025-10-17 11:46:16.616",15,True,"78780A134506040001001B72BE0D0A",0,0,NULL,NULL,"10.244.203.192",33396,NULL,NULL
NULL,"869412074480093",0,"2025-10-17 11:50:15.915",15,True,"78780A134506040001001C06010D0A",0,0,NULL,NULL,"10.244.203.192",33396,NULL,NULL
NULL,"869412074480093",0,"2025-10-17 11:54:15.991",15,True,"78780A134506040001001D17880D0A",0,0,NULL,NULL,"10.244.203.192",33396,NULL,NULL
NULL,"869412074480093",0,"2025-10-17 11:58:16.083",15,True,"78780A134506040001001E25130D0A",0,0,NULL,NULL,"10.244.203.192",33396,NULL,NULL
NULL,"869412074480093",0,"2025-10-17 11:58:23.051",46,True,"78782916190A110E3A14C90337A5E4057DBC6000183E0802D406C4AFB7330D470604FE01004ADFF8001FA06F0D0A",0,0,NULL,NULL,"10.244.203.192",33396,NULL,NULL
NULL,"869412074480093",0,"2025-10-17 11:58:24.019",15,True,"78780A1347060400010020CA550D0A",0,0,NULL,NULL,"10.244.203.192",33396,NULL,NULL
NULL,"869412074480093",0,"2025-10-17 11:58:26.003",15,True,"78780A134606040001002144090D0A",0,0,NULL,NULL,"10.244.203.192",33396,NULL,NULL
NULL,"869412074480093",0,"2025-10-17 11:59:15.3",18,True,"78780D01086941207448009300005ABB0D0A",0,0,NULL,NULL,"10.244.39.197",20183,NULL,NULL
NULL,"869412074480093",0,"2025-10-17 11:59:17.303",15,True,"78780A1306060400010001A20D0D0A",0,0,NULL,NULL,"10.244.39.197",20183,NULL,NULL
NULL,"869412074480093",0,"2025-10-17 11:59:18.283",52,True,"78782F32190A110E393BC60337A6B0057DBC10009800000000000000000000010000004ADC10056E00076831422D00024E460D0A",0,0,NULL,NULL,"10.244.39.197",20183,NULL,NULL
NULL,"869412074480093",0,"2025-10-17 12:01:58.443",52,True,"78782F32190A110F0138C40337A6B0057DBC1000880002D406C4AF0AB67F02010000004ADC10056E000768E5422D0003E11F0D0A",0,0,NULL,NULL,"10.244.39.197",20183,NULL,NULL
NULL,"869412074480093",0,"2025-10-17 12:03:14.588",18,True,"78780D01086941207448009300005ABB0D0A",0,0,NULL,NULL,"172.20.251.156",18231,NULL,NULL
NULL,"869412074480093",0,"2025-10-17 12:03:16.425",15,True,"78780A1306060400010001A20D0D0A",0,0,NULL,NULL,"172.20.251.156",18231,NULL,NULL
NULL,"869412074480093",0,"2025-10-17 12:03:17.424",52,True,"78782F32190A110E3B17C00337A6B0057DBC10008800000000000000000000010000004ADC100578000768A9422D00027B810D0A",0,0,NULL,NULL,"172.20.251.156",18231,NULL,NULL
NULL,"869412074480093",0,"2025-10-17 12:05:58.614",52,True,"78782F32190A110F0538C70337A6B0057DBC1000880002D406C4AF0AB73315010000004ADC1005780007695D422D0003B9CB0D0A",0,0,NULL,NULL,"172.20.251.156",18231,NULL,NULL
NULL,"869412074480093",0,"2025-10-17 12:07:17.993",15,True,"78780A1306060400010004F5A00D0A",0,0,NULL,NULL,"172.20.251.156",18231,NULL,NULL
NULL,"869412074480093",0,"2025-10-17 12:08:58.683",52,True,"78782F32190A110F0838C40337A6B0057DBC1000880002D406C4AF0AAF6A03010000004ADC10057800076A11422D0005D8340D0A",0,0,NULL,NULL,"172.20.251.156",18231,NULL,NULL
NULL,"869412074480093",0,"2025-10-17 12:11:17.744",15,True,"78780A134606040001000611B40D0A",0,0,NULL,NULL,"172.20.251.156",18231,NULL,NULL
NULL,"869412074480093",0,"2025-10-17 12:11:58.778",52,True,"78782F32190A110F0B39C703388AF4057DDAA807988202D406C4AF0AAF5716010000004AE4A8056E00076AC5422D000760A50D0A",0,0,NULL,NULL,"172.20.251.156",18231,NULL,NULL
NULL,"869412074480093",0,"2025-10-17 12:14:58.897",52,True,"78782F32190A110F0E39C80338DC6C057DB16809989802D406C4AF0AAF5016010000004AEA20056E00076B79422D000878390D0A",0,0,NULL,NULL,"172.20.251.156",18231,NULL,NULL
NULL,"869412074480093",0,"2025-10-17 12:15:17.83",15,True,"78780A1346060400010009E9430D0A",0,0,NULL,NULL,"172.20.251.156",18231,NULL,NULL
NULL,"869412074480093",0,"2025-10-17 12:17:58.909",52,True,"78782F32190A110F1139C60338F988057D9D5800981C02D406C8970AAEF016010000004AEED0056E00076C2D422D000AE98A0D0A",0,0,NULL,NULL,"172.20.251.156",18231,NULL,NULL
NULL,"869412074480093",0,"2025-10-17 12:19:17.921",15,True,"78780A134606040001000BCA510D0A",0,0,NULL,NULL,"172.20.251.156",18231,NULL,NULL
NULL,"869412074480093",0,"2025-10-17 12:20:58.988",52,True,"78782F32190A110F1439C20338F24C057D922800889C02D406C8970AAEF00C010000004AEFFC056E00076CE1422D000CE34D0D0A",0,0,NULL,NULL,"172.20.251.156",18231,NULL,NULL
NULL,"869412074480093",0,"2025-10-17 12:24:38.398",15,True,"78780A130606000001000D45710D0A",0,0,NULL,NULL,"172.20.251.156",18231,NULL,NULL
NULL,"869412074480093",0,"2025-10-17 12:24:44.993",18,True,"78780D010869412074480093000FA24C0D0A",0,0,NULL,NULL,"10.244.79.64",46421,NULL,NULL
NULL,"869412074480093",0,"2025-10-17 12:24:47.013",15,True,"78780A130606030001001093D90D0A",0,0,NULL,NULL,"10.244.79.64",46421,NULL,NULL
NULL,"869412074480093",0,"2025-10-17 12:24:48",52,True,"78782F32190A110F1739C10338F24C057D922800889C000000000000000000010000004AEFFC056E00076D95422D001129BF0D0A",0,0,NULL,NULL,"10.244.79.64",46421,NULL,NULL
NULL,"869412074480093",0,"2025-10-17 12:26:24.907",18,True,"78780D01086941207448009300005ABB0D0A",0,0,NULL,NULL,"10.244.39.197",42822,NULL,NULL
NULL,"869412074480093",0,"2025-10-17 12:26:26.932",15,True,"78780A1306060400010001A20D0D0A",0,0,NULL,NULL,"10.244.39.197",42822,NULL,NULL
NULL,"869412074480093",0,"2025-10-17 12:26:27.93",52,True,"78782F32190A110F1508C60338F0C4057D9130009800000000000000000000010000004AEC14057800076D9F422D0002442F0D0A",0,0,NULL,NULL,"10.244.39.197",42822,NULL,NULL
NULL,"869412074480093",0,"2025-10-17 12:29:06.853",52,True,"78782F32190A110F1D04C70338E56C057D66082D983202D406C76B0AAF9B03010000004AEE08056E00076E53422D000312F30D0A",0,0,NULL,NULL,"10.244.39.197",42822,NULL,NULL
NULL,"869412074480093",0,"2025-10-17 12:30:28.121",15,True,"78780A134606040001000432A60D0A",0,0,NULL,NULL,"10.244.39.197",42822,NULL,NULL
NULL,"869412074480093",0,"2025-10-17 12:32:06.194",52,True,"78782F32190A110F2004C70338BF14057D2CA020985402D406C76B0AAF9B15010000004AF254057800076F07422D0005EC3A0D0A",0,0,NULL,NULL,"10.244.39.197",42822,NULL,NULL
NULL,"869412074480093",0,"2025-10-17 12:34:30.803",15,True,"78780A134606040001000611B40D0A",0,0,NULL,NULL,"10.244.39.197",42822,NULL,NULL
NULL,"869412074480093",0,"2025-10-17 12:35:06.219",52,True,"78782F32190A110F2304C70338DDDC057CC70016995602D406C76B0AAFAA16010000004AF8F8056E00076FBB422D0007A6F30D0A",0,0,NULL,NULL,"10.244.39.197",42822,NULL,NULL
NULL,"869412074480093",0,"2025-10-17 12:38:06.244",52,True,"78782F32190A110F2604C30338DB34057CC9D80088C002D406C76B0AAFAA34010000004AF95C05780007706F422D000815E10D0A",0,0,NULL,NULL,"10.244.39.197",42822,NULL,NULL
NULL,"869412074480093",0,"2025-10-17 12:38:28.292",15,True,"78780A13060603000100091E990D0A",0,0,NULL,NULL,"10.244.39.197",42822,NULL,NULL
NULL,"869412074480093",0,"2025-10-17 12:39:54.816",18,True,"78780D01086941207448009300005ABB0D0A",0,0,NULL,NULL,"10.244.44.192",54602,NULL,NULL
NULL,"869412074480093",0,"2025-10-17 12:39:56.902",15,True,"78780A1346060400010001650B0D0A",0,0,NULL,NULL,"10.244.44.192",54602,NULL,NULL
NULL,"869412074480093",0,"2025-10-17 12:39:57.815",52,True,"78782F32190A110F2222C00338DB34057CC9D8008800000000000000000000010000004AF830056E0007708C422D000210640D0A",0,0,NULL,NULL,"10.244.44.192",54602,NULL,NULL
NULL,"869412074480093",0,"2025-10-17 12:40:54.029",18,True,"78780D01086941207448009300005ABB0D0A",0,0,NULL,NULL,"10.244.44.192",2685,NULL,NULL
NULL,"869412074480093",0,"2025-10-17 12:42:07.078",18,True,"78780D010869412074480093000368200D0A",0,0,NULL,NULL,"10.244.39.197",37475,NULL,NULL
NULL,"869412074480093",0,"2025-10-17 12:42:09.058",15,True,"78780A1346060200010004093E0D0A",0,0,NULL,NULL,"10.244.39.197",37475,NULL,NULL
NULL,"869412074480093",0,"2025-10-17 12:42:10.081",52,True,"78782F32190A110F2802C60338DAA0057CD068009800000000000000000000010000004AF83005780007708C422D0005C53A0D0A",0,0,NULL,NULL,"10.244.39.197",37475,NULL,NULL
NULL,"869412074480093",0,"2025-10-17 12:43:36.637",52,True,"78782F32190A110F2B21C803389248057CE29009996002D406C76B0AAF9A01010000004AFC18057800077140422D0006DE230D0A",0,0,NULL,NULL,"10.244.39.197",37475,NULL,NULL
NULL,"869412074480093",0,"2025-10-17 12:46:10.255",15,True,"78780A1346060400010007003D0D0A",0,0,NULL,NULL,"10.244.39.197",37475,NULL,NULL
NULL,"869412074480093",0,"2025-10-17 12:46:35.265",52,True,"78782F32190A110F2E21C703384AB8057CE16000982602D406C76B0AAF9C02010000004B00640578000771F4422D0008DDDB0D0A",0,0,NULL,NULL,"10.244.39.197",37475,NULL,NULL
NULL,"869412074480093",0,"2025-10-17 12:47:14.289",46,True,"78782916190A110F2F0DC703384A54057CE1580018260802D406C76BAF9C02440604FF01004B00640009B2EE0D0A",0,0,NULL,NULL,"10.244.39.197",37475,NULL,NULL
NULL,"869412074480093",0,"2025-10-17 12:47:15.208",15,True,"78780A134406040001000AEC630D0A",0,0,NULL,NULL,"10.244.39.197",37475,NULL,NULL
NULL,"869412074480093",0,"2025-10-17 12:47:47.53",18,True,"78780D01086941207448009300005ABB0D0A",0,0,NULL,NULL,"10.244.39.197",48736,NULL,NULL
NULL,"869412074480093",0,"2025-10-17 12:47:49.531",15,True,"78780A134406040001000152B00D0A",0,0,NULL,NULL,"10.244.39.197",48736,NULL,NULL
NULL,"869412074480093",0,"2025-10-17 12:47:50.682",52,True,"78782F32190A110F2D32C703384A54057CE158001800000000000000000000000000004B000005000007721B422D0002EFB30D0A",0,0,NULL,NULL,"10.244.39.197",48736,NULL,NULL
NULL,"869412074480093",0,"2025-10-17 12:48:28.649",52,True,"78782F32190A110F301CC703384A54057CE15800180002D406C76B0AAF9C0C000000004B0000050A0007721B422D0003F7AD0D0A",0,0,NULL,NULL,"10.244.39.197",48736,NULL,NULL
NULL,"869412074480093",0,"2025-10-17 12:50:29.698",15,True,"78780A13450604000100049AC80D0A",0,0,NULL,NULL,"10.244.39.197",48736,NULL,NULL
NULL,"869412074480093",0,"2025-10-17 12:51:50.699",15,True,"78780A13450604000100058B410D0A",0,0,NULL,NULL,"10.244.39.197",48736,NULL,NULL
NULL,"869412074480093",0,"2025-10-17 12:55:50.978",15,True,"78780A1345060400010006B9DA0D0A",0,0,NULL,NULL,"10.244.39.197",48736,NULL,NULL
NULL,"869412074480093",0,"2025-10-17 12:59:50.881",15,True,"78780A1345060400010007A8530D0A",0,0,NULL,NULL,"10.244.39.197",48736,NULL,NULL
NULL,"869412074480093",0,"2025-10-17 13:03:50.974",15,True,"78780A134506040001000850A40D0A",0,0,NULL,NULL,"10.244.39.197",48736,NULL,NULL
NULL,"869412074480093",0,"2025-10-17 13:07:51.084",15,True,"78780A1345060400010009412D0D0A",0,0,NULL,NULL,"10.244.39.197",48736,NULL,NULL
NULL,"869412074480093",0,"2025-10-17 13:11:51.185",15,True,"78780A134506040001000A73B60D0A",0,0,NULL,NULL,"10.244.39.197",48736,NULL,NULL
NULL,"869412074480093",0,"2025-10-17 13:15:51.274",15,True,"78780A134506040001000B623F0D0A",0,0,NULL,NULL,"10.244.39.197",48736,NULL,NULL
NULL,"869412074480093",0,"2025-10-17 13:19:51.377",15,True,"78780A134506040001000C16800D0A",0,0,NULL,NULL,"10.244.39.197",48736,NULL,NULL
NULL,"869412074480093",0,"2025-10-17 13:23:51.522",15,True,"78780A134506040001000D07090D0A",0,0,NULL,NULL,"10.244.39.197",48736,NULL,NULL
NULL,"869412074480093",0,"2025-10-17 13:26:57.557",46,True,"78782916190A11101A37C603384A54057CE1580018000802D406C76BAF9C02470604FE01004B0000000EE63D0D0A",0,0,NULL,NULL,"10.244.39.197",48736,NULL,NULL
NULL,"869412074480093",0,"2025-10-17 13:26:58.488",15,True,"78780A134706040001000F13A00D0A",0,0,NULL,NULL,"10.244.39.197",48736,NULL,NULL
NULL,"869412074480093",0,"2025-10-17 13:27:00.507",15,True,"78780A134606040001001064030D0A",0,0,NULL,NULL,"10.244.39.197",48736,NULL,NULL
NULL,"869412074480093",0,"2025-10-17 13:28:01.29",18,True,"78780D01086941207448009300005ABB0D0A",0,0,NULL,NULL,"10.244.44.192",50824,NULL,NULL
NULL,"869412074480093",0,"2025-10-17 13:28:03.391",15,True,"78780A1306060400010001A20D0D0A",0,0,NULL,NULL,"10.244.44.192",50824,NULL,NULL
NULL,"869412074480093",0,"2025-10-17 13:28:04.317",52,True,"78782F32190A11101637C003384A54057CE158008800000000000000000000010000004B0000056E0007721B422D0002445B0D0A",0,0,NULL,NULL,"10.244.44.192",50824,NULL,NULL
NULL,"869412074480093",0,"2025-10-17 13:30:44.469",52,True,"78782F32190A11101E29C303384A54057CE15800880002D406C76B0AAF9A01010000004B00000578000772CF422D0003079D0D0A",0,0,NULL,NULL,"10.244.44.192",50824,NULL,NULL
NULL,"869412074480093",0,"2025-10-17 13:32:05.19",15,True,"78780A134606040001000432A60D0A",0,0,NULL,NULL,"10.244.44.192",50824,NULL,NULL
NULL,"869412074480093",0,"2025-10-17 13:33:44.484",52,True,"78782F32190A1110212AC60338B87C057CCCE00698D802D406C76B0AAF0535010000004B0320057800077383422D00056E570D0A",0,0,NULL,NULL,"10.244.44.192",50824,NULL,NULL
NULL,"869412074480093",0,"2025-10-17 13:36:04.584",15,True,"78780A134606040001000611B40D0A",0,0,NULL,NULL,"10.244.44.192",50824,NULL,NULL
NULL,"869412074480093",0,"2025-10-17 13:36:32.549",46,True,"78782916190A1110241FC60338DEC4057CC9B00918E20802D406C76BAFAA34440603FF01004B05780007DBA50D0A",0,0,NULL,NULL,"10.244.44.192",50824,NULL,NULL
NULL,"869412074480093",0,"2025-10-17 13:36:33.477",15,True,"78780A1344060300010008FFAD0D0A",0,0,NULL,NULL,"10.244.44.192",50824,NULL,NULL
NULL,"869412074480093",0,"2025-10-17 13:37:31.618",52,True,"78782F32190A1110251EC60338DEC4057CC9B00918E202D406C76B0AAFAA16000000004B057804F60007742B422D00091FE70D0A",0,0,NULL,NULL,"10.244.44.192",50824,NULL,NULL
NULL,"869412074480093",0,"2025-10-17 13:39:32.648",15,True,"78780A134506040001000A73B60D0A",0,0,NULL,NULL,"10.244.44.192",50824,NULL,NULL
NULL,"869412074480093",0,"2025-10-17 13:40:04.71",15,True,"78780A134506040001000B623F0D0A",0,0,NULL,NULL,"10.244.44.192",50824,NULL,NULL
NULL,"869412074480093",0,"2025-10-17 13:44:04.765",15,True,"78780A134506040001000C16800D0A",0,0,NULL,NULL,"10.244.44.192",50824,NULL,NULL
NULL,"869412074480093",0,"2025-10-17 13:48:05.175",15,True,"78780A134506040001000D07090D0A",0,0,NULL,NULL,"10.244.44.192",50824,NULL,NULL
NULL,"869412074480093",0,"2025-10-17 13:52:04.993",15,True,"78780A134506040001000E35920D0A",0,0,NULL,NULL,"10.244.44.192",50824,NULL,NULL
NULL,"869412074480093",0,"2025-10-17 13:56:05.082",15,True,"78780A134506040001000F241B0D0A",0,0,NULL,NULL,"10.244.44.192",50824,NULL,NULL
NULL,"869412074480093",0,"2025-10-17 14:00:05.136",15,True,"78780A1345060400010010CC6D0D0A",0,0,NULL,NULL,"10.244.44.192",50824,NULL,NULL
NULL,"869412074480093",0,"2025-10-17 14:04:05.223",15,True,"78780A1345060400010011DDE40D0A",0,0,NULL,NULL,"10.244.44.192",50824,NULL,NULL
NULL,"869412074480093",0,"2025-10-17 14:04:06.155",46,True,"78782916190A11110404C60338DEC4057CC9B00018E20802D406C76BAFAA16470604FE01004B0578001257710D0A",0,0,NULL,NULL,"10.244.44.192",50824,NULL,NULL
NULL,"869412074480093",0,"2025-10-17 14:04:07.153",15,True,"78780A1347060400010013C94D0D0A",0,0,NULL,NULL,"10.244.44.192",50824,NULL,NULL
NULL,"869412074480093",0,"2025-10-17 14:04:09.149",15,True,"78780A134606040001001422270D0A",0,0,NULL,NULL,"10.244.44.192",50824,NULL,NULL
NULL,"869412074480093",0,"2025-10-17 14:05:45.209",18,True,"78780D01086941207448009300005ABB0D0A",0,0,NULL,NULL,"10.244.39.197",59376,NULL,NULL
NULL,"869412074480093",0,"2025-10-17 14:05:47.192",15,True,"78780A130606020001000199950D0A",0,0,NULL,NULL,"10.244.39.197",59376,NULL,NULL
NULL,"869412074480093",0,"2025-10-17 14:05:48.215",52,True,"78782F32190A11110427C00338DEC4057CC9B0008800000000000000000000010000004B044C05780007742B422D000207550D0A",0,0,NULL,NULL,"10.244.39.197",59376,NULL,NULL
NULL,"869412074480093",0,"2025-10-17 14:08:28.331",52,True,"78782F32190A1111081AC50338DEC4057CC9B000880002D406C76B0AAF0535010000004B044C0578000774DF422D00035D140D0A",0,0,NULL,NULL,"10.244.39.197",59376,NULL,NULL
NULL,"869412074480093",0,"2025-10-17 14:09:56.726",15,True,"78780A1346060300010004027A0D0A",0,0,NULL,NULL,"10.244.39.197",59376,NULL,NULL
NULL,"869412074480093",0,"2025-10-17 14:11:28.455",52,True,"78782F32190A11110B1AC703383E2C057CAAB000990002D406C76B0AAF9816010000004B0708056E00077593422D0005EDF90D0A",0,0,NULL,NULL,"10.244.39.197",59376,NULL,NULL
NULL,"869412074480093",0,"2025-10-17 14:13:48.456",15,True,"78780A134606040001000611B40D0A",0,0,NULL,NULL,"10.244.39.197",59376,NULL,NULL
NULL,"869412074480093",0,"2025-10-17 14:14:28.488",52,True,"78782F32190A11110E1AC70337ED8C057CAC1800980402D406C76B0AAF9F01010000004B0C80057800077647422D00071C890D0A",0,0,NULL,NULL,"10.244.39.197",59376,NULL,NULL
NULL,"869412074480093",0,"2025-10-17 14:17:28.645",52,True,"78782F32190A1111111BC80337A100057CB0C800980002D406C76B0AAF9E33010000004B1130056E000776FB422D000833690D0A",0,0,NULL,NULL,"10.244.39.197",59376,NULL,NULL
NULL,"869412074480093",0,"2025-10-17 14:17:48.712",15,True,"78780A1346060400010009E9430D0A",0,0,NULL,NULL,"10.244.39.197",59376,NULL,NULL
NULL,"869412074480093",0,"2025-10-17 14:20:28.687",52,True,"78782F32190A1111141BC803379B18057D48A039995A02D406C4AF0AAF7C16010000004B19640578000777AF422D000AAA280D0A",0,0,NULL,NULL,"10.244.39.197",59376,NULL,NULL
NULL,"869412074480093",0,"2025-10-17 14:21:48.673",15,True,"78780A134606040001000BCA510D0A",0,0,NULL,NULL,"10.244.39.197",59376,NULL,NULL
NULL,"869412074480093",0,"2025-10-17 14:23:28.751",52,True,"78782F32190A1111171BC803376518057DA9C81898BA02D406C4AF0AAF8003010000004B21FC057800077863422D000CF1220D0A",0,0,NULL,NULL,"10.244.39.197",59376,NULL,NULL
NULL,"869412074480093",0,"2025-10-17 14:25:39.784",46,True,"78782916190A11111926C803376FC8057DAEB80018840802D406C4AFAF7802440604FF01004B2260000D31430D0A",0,0,NULL,NULL,"10.244.39.197",59376,NULL,NULL
NULL,"869412074480093",0,"2025-10-17 14:25:40.703",15,True,"78780A134406040001000EAA470D0A",0,0,NULL,NULL,"10.244.39.197",59376,NULL,NULL
NULL,"869412074480093",0,"2025-10-17 14:25:51.127",15,True,"78780A134406040001000FBBCE0D0A",0,0,NULL,NULL,"10.244.39.197",59376,NULL,NULL
NULL,"869412074480093",0,"2025-10-17 14:26:38.876",52,True,"78782F32190A11111A26C803376FC8057DAEB800188402D406C4AF0AAF7E0D000000004B2260050A000778E6422D001045F90D0A",0,0,NULL,NULL,"10.244.39.197",59376,NULL,NULL
NULL,"869412074480093",0,"2025-10-17 14:28:39.859",15,True,"78780A1345060400010011DDE40D0A",0,0,NULL,NULL,"10.244.39.197",59376,NULL,NULL
NULL,"869412074480093",0,"2025-10-17 14:29:48.873",15,True,"78780A1345060300010012DFA30D0A",0,0,NULL,NULL,"10.244.39.197",59376,NULL,NULL
NULL,"869412074480093",0,"2025-10-17 14:33:48.989",15,True,"78780A1345060400010013FEF60D0A",0,0,NULL,NULL,"10.244.39.197",59376,NULL,NULL
NULL,"869412074480093",0,"2025-10-17 14:37:49.075",15,True,"78780A13450604000100148A490D0A",0,0,NULL,NULL,"10.244.39.197",59376,NULL,NULL
NULL,"869412074480093",0,"2025-10-17 14:39:14.111",46,True,"78782916190A1111270CC803376FC8057DAEB80018840802D406C4AFAF7E35470603FE01004B2260001569F40D0A",0,0,NULL,NULL,"10.244.39.197",59376,NULL,NULL
NULL,"869412074480093",0,"2025-10-17 14:39:15.045",15,True,"78780A1347060300010016AE3C0D0A",0,0,NULL,NULL,"10.244.39.197",59376,NULL,NULL
NULL,"869412074480093",0,"2025-10-17 14:39:17.03",15,True,"78780A134606030001001720600D0A",0,0,NULL,NULL,"10.244.39.197",59376,NULL,NULL
NULL,"869412074480093",0,"2025-10-17 14:40:27.126",46,True,"78782916190A1111281AC603376FE8057DAE180018840802D406C4AFAF800D440604FF01004B22C40018E8CF0D0A",0,0,NULL,NULL,"10.244.39.197",59376,NULL,NULL
NULL,"869412074480093",0,"2025-10-17 14:40:28.047",15,True,"78780A1344060400010019CE790D0A",0,0,NULL,NULL,"10.244.39.197",59376,NULL,NULL
NULL,"869412074480093",0,"2025-10-17 14:41:26.153",52,True,"78782F32190A11112919C603376FE8057DAE1800188402D406C4AF0AAF780C000000004B22C404EC0007792F422D001A272B0D0A",0,0,NULL,NULL,"10.244.39.197",59376,NULL,NULL
NULL,"869412074480093",0,"2025-10-17 14:41:49.22",15,True,"78780A134406030001001BDDB70D0A",0,0,NULL,NULL,"10.244.39.197",59376,NULL,NULL
NULL,"869412074480093",0,"2025-10-17 14:43:27.293",15,True,"78780A134506040001001C06010D0A",0,0,NULL,NULL,"10.244.39.197",59376,NULL,NULL
NULL,"869412074480093",0,"2025-10-17 14:45:49.264",15,True,"78780A134506040001001D17880D0A",0,0,NULL,NULL,"10.244.39.197",59376,NULL,NULL
NULL,"869412074480093",0,"2025-10-17 14:49:49.412",15,True,"78780A134506030001001E15CF0D0A",0,0,NULL,NULL,"10.244.39.197",59376,NULL,NULL
NULL,"869412074480093",0,"2025-10-17 14:53:49.503",15,True,"78780A134506040001001F349A0D0A",0,0,NULL,NULL,"10.244.39.197",59376,NULL,NULL
NULL,"869412074480093",0,"2025-10-17 14:57:49.59",15,True,"78780A1345060400010020FDEE0D0A",0,0,NULL,NULL,"10.244.39.197",59376,NULL,NULL
NULL,"869412074480093",0,"2025-10-17 14:58:36.643",46,True,"78782916190A11113A23C603376FE8057DAE180018840802D406C4AFAF800D470604FE01004B22C40021947B0D0A",0,0,NULL,NULL,"10.244.39.197",59376,NULL,NULL
NULL,"869412074480093",0,"2025-10-17 14:58:37.548",15,True,"78780A1347060400010022E9470D0A",0,0,NULL,NULL,"10.244.39.197",59376,NULL,NULL
NULL,"869412074480093",0,"2025-10-17 14:58:39.544",15,True,"78780A1346060400010023671B0D0A",0,0,NULL,NULL,"10.244.39.197",59376,NULL,NULL
NULL,"869412074480093",0,"2025-10-17 14:59:37.645",46,True,"78782916190A11113B24C603376E9C057DAE480018DC0802D406C4AFAF8003440604FF01004B22C40024FDAF0D0A",0,0,NULL,NULL,"10.244.39.197",59376,NULL,NULL
NULL,"869412074480093",0,"2025-10-17 14:59:38.561",15,True,"78780A134406040001002535960D0A",0,0,NULL,NULL,"10.244.39.197",59376,NULL,NULL
NULL,"869412074480093",0,"2025-10-17 15:00:36.69",52,True,"78782F32190A11120024C603376E9C057DAE480018DC02D406C4AF0AAF7802000000004B22C404D80007796C422D002670180D0A",0,0,NULL,NULL,"10.244.39.197",59376,NULL,NULL
NULL,"869412074480093",0,"2025-10-17 15:01:49.681",15,True,"78780A134406040001002716840D0A",0,0,NULL,NULL,"10.244.39.197",59376,NULL,NULL
NULL,"869412074480093",0,"2025-10-17 15:02:37.732",15,True,"78780A134506040001002871A60D0A",0,0,NULL,NULL,"10.244.39.197",59376,NULL,NULL
NULL,"869412074480093",0,"2025-10-17 15:05:49.787",15,True,"78780A1345060400010029602F0D0A",0,0,NULL,NULL,"10.244.39.197",59376,NULL,NULL
NULL,"869412074480093",0,"2025-10-17 15:09:50.21",15,True,"78780A134506040001002A52B40D0A",0,0,NULL,NULL,"10.244.39.197",59376,NULL,NULL
NULL,"869412074480093",0,"2025-10-17 15:13:49.999",15,True,"78780A134506040001002B433D0D0A",0,0,NULL,NULL,"10.244.39.197",59376,NULL,NULL
NULL,"869412074480093",0,"2025-10-17 15:17:50.063",15,True,"78780A134506040001002C37820D0A",0,0,NULL,NULL,"10.244.39.197",59376,NULL,NULL
NULL,"869412074480093",0,"2025-10-17 15:21:50.683",15,True,"78780A134506040001002D260B0D0A",0,0,NULL,NULL,"10.244.39.197",59376,NULL,NULL
NULL,"869412074480093",0,"2025-10-17 15:25:50.286",15,True,"78780A134506030001002E244C0D0A",0,0,NULL,NULL,"10.244.39.197",59376,NULL,NULL
NULL,"869412074480093",0,"2025-10-17 15:29:50.7",15,True,"78780A134506040001002F05190D0A",0,0,NULL,NULL,"10.244.39.197",59376,NULL,NULL
NULL,"869412074480093",0,"2025-10-17 15:33:50.49",15,True,"78780A1345060400010030ED6F0D0A",0,0,NULL,NULL,"10.244.39.197",59376,NULL,NULL
NULL,"869412074480093",0,"2025-10-17 15:37:50.582",15,True,"78780A1345060400010031FCE60D0A",0,0,NULL,NULL,"10.244.39.197",59376,NULL,NULL
NULL,"869412074480093",0,"2025-10-17 15:41:51.223",15,True,"78780A1345060400010032CE7D0D0A",0,0,NULL,NULL,"10.244.39.197",59376,NULL,NULL
NULL,"869412074480093",0,"2025-10-17 15:44:59.795",46,True,"78782916190A11122C39C603376E9C057DAE480018DC0802D406C4AFAF8003470604FE01004B22C4003305E10D0A",0,0,NULL,NULL,"10.244.39.197",59376,NULL,NULL
NULL,"869412074480093",0,"2025-10-17 15:45:00.675",15,True,"78780A13470604000100349CF00D0A",0,0,NULL,NULL,"10.244.39.197",59376,NULL,NULL
NULL,"869412074480093",0,"2025-10-17 15:45:02.703",15,True,"78780A134606040001003512AC0D0A",0,0,NULL,NULL,"10.244.39.197",59376,NULL,NULL
NULL,"869412074480093",0,"2025-10-17 15:45:56.846",18,True,"78780D01086941207448009300005ABB0D0A",0,0,NULL,NULL,"10.244.39.197",64688,NULL,NULL
NULL,"869412074480093",0,"2025-10-17 15:46:00.338",15,True,"78780A1306060400010001A20D0D0A",0,0,NULL,NULL,"10.244.39.197",64688,NULL,NULL
NULL,"869412074480093",0,"2025-10-17 15:46:00.641",52,True,"78782F32190A11122A28C003376E9C057DAE48008800000000000000000000010000004B200805640007796C422D0002CE890D0A",0,0,NULL,NULL,"10.244.39.197",64688,NULL,NULL
NULL,"869412074480093",0,"2025-10-17 15:48:06.827",46,True,"78782916190A11123004C303376E9C057DAE480008000802D406C4AFAF800D040604FF01004B2008000372B20D0A",0,0,NULL,NULL,"10.244.39.197",64688,NULL,NULL
NULL,"869412074480093",0,"2025-10-17 15:48:07.668",15,True,"78780A1304060400010004C21B0D0A",0,0,NULL,NULL,"10.244.39.197",64688,NULL,NULL
NULL,"869412074480093",0,"2025-10-17 15:50:00.808",15,True,"78780A1304060400010005D3920D0A",0,0,NULL,NULL,"10.244.39.197",64688,NULL,NULL
NULL,"869412074480093",0,"2025-10-17 15:51:05.265",18,True,"78780D01086941207448009300005ABB0D0A",0,0,NULL,NULL,"10.244.39.197",37857,NULL,NULL
NULL,"869412074480093",0,"2025-10-17 15:51:07.296",15,True,"78780A130406040001000195B60D0A",0,0,NULL,NULL,"10.244.39.197",37857,NULL,NULL
NULL,"869412074480093",0,"2025-10-17 15:51:08.278",52,True,"78782F32190A11122E05C003376E9C057DAE48000800000000000000000000000000004B20080500000779FF422D0002F9600D0A",0,0,NULL,NULL,"10.244.39.197",37857,NULL,NULL
NULL,"869412074480093",0,"2025-10-17 15:52:46.386",46,True,"78782916190A1112342CC303376E9C057DAE480008000802D406C4AFAF800D060604FE01004B2008000348980D0A",0,0,NULL,NULL,"10.244.39.197",37857,NULL,NULL
NULL,"869412074480093",0,"2025-10-17 15:52:47.329",15,True,"78780A1306060400010004F5A00D0A",0,0,NULL,NULL,"10.244.39.197",37857,NULL,NULL
NULL,"869412074480093",0,"2025-10-17 15:54:59.134",18,True,"78780D01086941207448009300005ABB0D0A",0,0,NULL,NULL,"172.20.251.156",21193,NULL,NULL
NULL,"869412074480093",0,"2025-10-17 15:55:00.917",15,True,"78780A1306060400010001A20D0D0A",0,0,NULL,NULL,"172.20.251.156",21193,NULL,NULL
NULL,"869412074480093",0,"2025-10-17 15:55:01.917",52,True,"78782F32190A1112330DC603374B1C057DA170009800000000000000000000010000004B20080578000779FF422D00029B120D0A",0,0,NULL,NULL,"172.20.251.156",21193,NULL,NULL
NULL,"869412074480093",0,"2025-10-17 15:56:17.059",46,True,"78782916190A1112380FC603376FBC057DAFB80019160802D406C4AFAF800D440604FF01004B206C00037C3E0D0A",0,0,NULL,NULL,"172.20.251.156",21193,NULL,NULL
NULL,"869412074480093",0,"2025-10-17 15:56:17.952",15,True,"78780A1344060400010004051D0D0A",0,0,NULL,NULL,"172.20.251.156",21193,NULL,NULL
NULL,"869412074480093",0,"2025-10-17 15:57:16.191",52,True,"78782F32190A1112390FC603376FBC057DAFB800191602D406C4AF0AAF800D000000004B206C04F600077A5E422D000511930D0A",0,0,NULL,NULL,"172.20.251.156",21193,NULL,NULL
NULL,"869412074480093",0,"2025-10-17 15:58:47",46,True,"78782916190A11123A2CC603376FBC057DAFB80019160802D406C4AFAF800D460604FE01004B206C00062EF90D0A",0,0,NULL,NULL,"172.20.251.156",21193,NULL,NULL
NULL,"869412074480093",0,"2025-10-17 15:58:47.015",15,True,"78780A1346060400010007003D0D0A",0,0,NULL,NULL,"172.20.251.156",21193,NULL,NULL
NULL,"869412074480093",0,"2025-10-17 15:59:02.118",15,True,"78780A13060604000100083FCC0D0A",0,0,NULL,NULL,"172.20.251.156",21193,NULL,NULL
NULL,"869412074480093",0,"2025-10-17 16:01:46.33",52,True,"78782F32190A1113012CC603376F58057DB03800986C02D406C4AF0AAF800D010000004B20D004C400077B12422D000928FD0D0A",0,0,NULL,NULL,"172.20.251.156",21193,NULL,NULL
NULL,"869412074480093",0,"2025-10-17 16:03:02.224",15,True,"78780A134606040001000ADBD80D0A",0,0,NULL,NULL,"172.20.251.156",21193,NULL,NULL
NULL,"869412074480093",0,"2025-10-17 16:04:46.252",52,True,"78782F32190A1113042CC603376F30057DB05800986C02D406C4AF0AAF800D010000004B20D004B000077BC6422D000B5F890D0A",0,0,NULL,NULL,"172.20.251.156",21193,NULL,NULL
NULL,"869412074480093",0,"2025-10-17 16:07:02.34",15,True,"78780A134606040001000CBEEE0D0A",0,0,NULL,NULL,"172.20.251.156",21193,NULL,NULL
NULL,"869412074480093",0,"2025-10-17 16:07:46.319",52,True,"78782F32190A1113072CC703376EC0057DAF9800986C02D406C4AF0AAF800D010000004B20D004B000077C7A422D000D73FB0D0A",0,0,NULL,NULL,"172.20.251.156",21193,NULL,NULL
NULL,"869412074480093",0,"2025-10-17 16:08:59.382",46,True,"78782916190A11130839C703376F44057DAF9000186C0802D406C4AFAF800D440604FF01004B20D0000E37690D0A",0,0,NULL,NULL,"172.20.251.156",21193,NULL,NULL
NULL,"869412074480093",0,"2025-10-17 16:09:00.271",15,True,"78780A134406040001000FBBCE0D0A",0,0,NULL,NULL,"172.20.251.156",21193,NULL,NULL
NULL,"869412074480093",0,"2025-10-17 16:09:58.383",52,True,"78782F32190A11130939C703376F44057DAF9000186C02D406C4AF0AAF800D000000004B20D004C400077CC3422D0010043C0D0A",0,0,NULL,NULL,"172.20.251.156",21193,NULL,NULL
NULL,"869412074480093",0,"2025-10-17 16:11:02.433",15,True,"78780A134406040001001142310D0A",0,0,NULL,NULL,"172.20.251.156",21193,NULL,NULL
NULL,"869412074480093",0,"2025-10-17 16:11:59.991",15,True,"78780A1345060400010012EF7F0D0A",0,0,NULL,NULL,"172.20.251.156",21193,NULL,NULL
NULL,"869412074480093",0,"2025-10-17 16:15:03.174",15,True,"78780A1345060400010013FEF60D0A",0,0,NULL,NULL,"172.20.251.156",21193,NULL,NULL
NULL,"869412074480093",0,"2025-10-17 16:19:02.595",15,True,"78780A13450604000100148A490D0A",0,0,NULL,NULL,"172.20.251.156",21193,NULL,NULL
NULL,"869412074480093",0,"2025-10-17 16:23:02.934",15,True,"78780A13450604000100159BC00D0A",0,0,NULL,NULL,"172.20.251.156",21193,NULL,NULL
NULL,"869412074480093",0,"2025-10-17 16:27:02.875",15,True,"78780A1345060400010016A95B0D0A",0,0,NULL,NULL,"172.20.251.156",21193,NULL,NULL
NULL,"869412074480093",0,"2025-10-17 16:31:03.397",15,True,"78780A1345060400010017B8D20D0A",0,0,NULL,NULL,"172.20.251.156",21193,NULL,NULL
NULL,"869412074480093",0,"2025-10-17 16:34:41.974",46,True,"78782916190A11132227C703376F44057DAF9000186C0802D406C4AFAF800D470604FE01004B20D00018D7BD0D0A",0,0,NULL,NULL,"172.20.251.156",21193,NULL,NULL
NULL,"869412074480093",0,"2025-10-17 16:34:43.145",15,True,"78780A134706040001001966170D0A",0,0,NULL,NULL,"172.20.251.156",21193,NULL,NULL
NULL,"869412074480093",0,"2025-10-17 16:34:44.891",15,True,"78780A134606040001001ACB590D0A",0,0,NULL,NULL,"172.20.251.156",21193,NULL,NULL
NULL,"869412074480093",0,"2025-10-17 16:35:03.571",15,True,"78780A130606040001001B1DD60D0A",0,0,NULL,NULL,"172.20.251.156",21193,NULL,NULL
NULL,"869412074480093",0,"2025-10-17 16:35:48.054",46,True,"78782916190A1113232EC603376EF8057DAFF000186C0802D406C4AFAF800D440604FF01004B20D0001CF0930D0A",0,0,NULL,NULL,"172.20.251.156",21193,NULL,NULL
NULL,"869412074480093",0,"2025-10-17 16:35:48.895",15,True,"78780A134406040001001D885D0D0A",0,0,NULL,NULL,"172.20.251.156",21193,NULL,NULL
NULL,"869412074480093",0,"2025-10-17 16:36:47.048",52,True,"78782F32190A1113242EC603376EF8057DAFF000186C02D406C4AF0AAF800D000000004B20D004CE00077D05422D001E495E0D0A",0,0,NULL,NULL,"172.20.251.156",21193,NULL,NULL
NULL,"869412074480093",0,"2025-10-17 16:38:48.086",15,True,"78780A134506040001001F349A0D0A",0,0,NULL,NULL,"172.20.251.156",21193,NULL,NULL
NULL,"869412074480093",0,"2025-10-17 16:39:03.105",15,True,"78780A1345060400010020FDEE0D0A",0,0,NULL,NULL,"172.20.251.156",21193,NULL,NULL
NULL,"869412074480093",0,"2025-10-17 16:43:03.183",15,True,"78780A1345060400010021EC670D0A",0,0,NULL,NULL,"172.20.251.156",21193,NULL,NULL
NULL,"869412074480093",0,"2025-10-17 16:47:03.269",15,True,"78780A1345060400010022DEFC0D0A",0,0,NULL,NULL,"172.20.251.156",21193,NULL,NULL
NULL,"869412074480093",0,"2025-10-17 16:51:03.403",15,True,"78780A1345060400010023CF750D0A",0,0,NULL,NULL,"172.20.251.156",21193,NULL,NULL
NULL,"869412074480093",0,"2025-10-17 16:55:03.453",15,True,"78780A1345060400010024BBCA0D0A",0,0,NULL,NULL,"172.20.251.156",21193,NULL,NULL
NULL,"869412074480093",0,"2025-10-17 16:58:49.693",46,True,"78782916190A11133A30C603376EF8057DAFF000186C0802D406C4AFAF800D470604FE01004B20D00025655A0D0A",0,0,NULL,NULL,"172.20.251.156",21193,NULL,NULL
NULL,"869412074480093",0,"2025-10-17 16:58:50.47",15,True,"78780A1347060400010026AF630D0A",0,0,NULL,NULL,"172.20.251.156",21193,NULL,NULL
NULL,"869412074480093",0,"2025-10-17 16:58:52.456",15,True,"78780A1346060400010027213F0D0A",0,0,NULL,NULL,"172.20.251.156",21193,NULL,NULL
NULL,"869412074480093",0,"2025-10-17 16:59:03.483",15,True,"78780A13060604000100281ECE0D0A",0,0,NULL,NULL,"172.20.251.156",21193,NULL,NULL
NULL,"869412074480093",0,"2025-10-17 16:59:50.803",46,True,"78782916190A11133B31C403377180057DA73000085A0802D406C4AFAF7802040604FF01004B2134002907200D0A",0,0,NULL,NULL,"172.20.251.156",21193,NULL,NULL
NULL,"869412074480093",0,"2025-10-17 16:59:51.48",15,True,"78780A134406040001002ACD610D0A",0,0,NULL,NULL,"172.20.251.156",21193,NULL,NULL
NULL,"869412074480093",0,"2025-10-17 17:00:24.174",18,True,"78780D01086941207448009300005ABB0D0A",0,0,NULL,NULL,"10.244.79.64",41809,NULL,NULL
NULL,"869412074480093",0,"2025-10-17 17:00:26.212",15,True,"78780A1344060300010001626C0D0A",0,0,NULL,NULL,"10.244.79.64",41809,NULL,NULL
NULL,"869412074480093",0,"2025-10-17 17:00:27.195",52,True,"78782F32190A11133707C603377138057DA7E0001800000000000000000000000000004B200804E200077D42422D000255EC0D0A",0,0,NULL,NULL,"10.244.79.64",41809,NULL,NULL
NULL,"869412074480093",0,"2025-10-17 17:01:05.338",52,True,"78782F32190A11140104C603377138057DA7E000180002D406C4AF0AAF780C000000004B200804E200077D42422D00036A7C0D0A",0,0,NULL,NULL,"10.244.79.64",41809,NULL,NULL
NULL,"869412074480093",0,"2025-10-17 17:03:06.869",15,True,"78780A1345060300010004AA140D0A",0,0,NULL,NULL,"10.244.79.64",41809,NULL,NULL
NULL,"869412074480093",0,"2025-10-17 17:04:27.355",15,True,"78780A1345060300010005BB9D0D0A",0,0,NULL,NULL,"10.244.79.64",41809,NULL,NULL
NULL,"869412074480093",0,"2025-10-17 17:08:27.488",15,True,"78780A134506030001000689060D0A",0,0,NULL,NULL,"10.244.79.64",41809,NULL,NULL
NULL,"869412074480093",0,"2025-10-17 17:12:01.591",46,True,"78782916190A11140C00C603377138057DA7E00018000802D406C4AFB14302470603FE01004B200800074F8B0D0A",0,0,NULL,NULL,"10.244.79.64",41809,NULL,NULL
NULL,"869412074480093",0,"2025-10-17 17:12:02.516",15,True,"78780A134706030001000857C30D0A",0,0,NULL,NULL,"10.244.79.64",41809,NULL,NULL
NULL,"869412074480093",0,"2025-10-17 17:12:04.597",15,True,"78780A1346060300010009D99F0D0A",0,0,NULL,NULL,"10.244.79.64",41809,NULL,NULL
NULL,"869412074480093",0,"2025-10-17 17:12:27.602",15,True,"78780A130606030001000A2C020D0A",0,0,NULL,NULL,"10.244.79.64",41809,NULL,NULL
NULL,"869412074480093",0,"2025-10-17 17:13:03.319",18,True,"78780D01086941207448009300005ABB0D0A",0,0,NULL,NULL,"10.244.39.197",42196,NULL,NULL
NULL,"869412074480093",0,"2025-10-17 17:13:05.313",15,True,"78780A1306060400010001A20D0D0A",0,0,NULL,NULL,"10.244.39.197",42196,NULL,NULL
NULL,"869412074480093",0,"2025-10-17 17:13:06.34",52,True,"78782F32190A11140A1FC003377138057DA7E0008800000000000000000000010000004B2008056E00077D42422D0002C1A40D0A",0,0,NULL,NULL,"10.244.39.197",42196,NULL,NULL
NULL,"869412074480093",0,"2025-10-17 17:15:46.469",52,True,"78782F32190A11140F2CC40337B2A4057DA2B000885C02D406C4AF0AB7330C010000004B2328055A00077DF6422D000352D00D0A",0,0,NULL,NULL,"10.244.39.197",42196,NULL,NULL
NULL,"869412074480093",0,"2025-10-17 17:16:58.024",18,True,"78780D01086941207448009300005ABB0D0A",0,0,NULL,NULL,"10.244.79.64",6376,NULL,NULL
NULL,"869412074480093",0,"2025-10-17 17:17:00.016",15,True,"78780A1306060400010001A20D0D0A",0,0,NULL,NULL,"10.244.79.64",6376,NULL,NULL
NULL,"869412074480093",0,"2025-10-17 17:17:01.034",52,True,"78782F32190A11140D0BC00337AE68057D9CB0008800000000000000000000010000004B2008056E00077DBA422D00026A3F0D0A",0,0,NULL,NULL,"10.244.79.64",6376,NULL,NULL
NULL,"869412074480093",0,"2025-10-17 17:19:42.672",52,True,"78782F32190A11141328C60337A4E8057D86F006990602D406C4AF0AAF7C0D010000004B2260056E00077E6E422D00039D280D0A",0,0,NULL,NULL,"10.244.79.64",6376,NULL,NULL
NULL,"869412074480093",0,"2025-10-17 17:21:01.193",15,True,"78780A134606040001000432A60D0A",0,0,NULL,NULL,"10.244.79.64",6376,NULL,NULL
NULL,"869412074480093",0,"2025-10-17 17:22:42.259",52,True,"78782F32190A11141628C60337D5C4057DEFD02798E402D406C4AF0AAF6A01010000004B29CC056E00077F22422D0005BE630D0A",0,0,NULL,NULL,"10.244.79.64",6376,NULL,NULL
NULL,"869412074480093",0,"2025-10-17 17:24:32.306",46,True,"78782916190A1114181FC60337E414057E2A6000086E0802D406C4AFB71A34040603FF01004B2DB4000624750D0A",0,0,NULL,NULL,"10.244.79.64",6376,NULL,NULL
NULL,"869412074480093",0,"2025-10-17 17:24:33.233",15,True,"78780A1304060300010007C05C0D0A",0,0,NULL,NULL,"10.244.79.64",6376,NULL,NULL
NULL,"869412074480093",0,"2025-10-17 17:25:01.32",15,True,"78780A1344060300010008FFAD0D0A",0,0,NULL,NULL,"10.244.79.64",6376,NULL,NULL
NULL,"869412074480093",0,"2025-10-17 17:25:31.331",52,True,"78782F32190A1114191EC60337E460057E28E806186E02D406C4AF0AB71A0B000000004B2DB4050000077F90422D000942060D0A",0,0,NULL,NULL,"10.244.79.64",6376,NULL,NULL
NULL,"869412074480093",0,"2025-10-17 17:27:32.385",15,True,"78780A134506040001000A73B60D0A",0,0,NULL,NULL,"10.244.79.64",6376,NULL,NULL
NULL,"869412074480093",0,"2025-10-17 17:29:01.436",15,True,"78780A134506040001000B623F0D0A",0,0,NULL,NULL,"10.244.79.64",6376,NULL,NULL
NULL,"869412074480093",0,"2025-10-17 17:32:28.488",46,True,"78782916190A1114201AC60337E460057E28E800186E0802D406C4AFB71A0B470604FE01004B2DB4000C97BD0D0A",0,0,NULL,NULL,"10.244.79.64",6376,NULL,NULL
NULL,"869412074480093",0,"2025-10-17 17:32:29.416",15,True,"78780A134706040001000D30B20D0A",0,0,NULL,NULL,"10.244.79.64",6376,NULL,NULL
NULL,"869412074480093",0,"2025-10-17 17:32:31.411",15,True,"78780A134606040001000E9DFC0D0A",0,0,NULL,NULL,"10.244.79.64",6376,NULL,NULL
NULL,"869412074480093",0,"2025-10-17 17:33:00.499",46,True,"78782916190A1114203AC00337E460057E28E800086E0802D406C4AFB71A0C040603FF01004B2DB4000FCE9A0D0A",0,0,NULL,NULL,"10.244.79.64",6376,NULL,NULL
NULL,"869412074480093",0,"2025-10-17 17:33:01.41",15,True,"78780A1304060300010010A4620D0A",0,0,NULL,NULL,"10.244.79.64",6376,NULL,NULL
NULL,"869412074480093",0,"2025-10-17 17:33:01.557",15,True,"78780A1304060300010011B5EB0D0A",0,0,NULL,NULL,"10.244.79.64",6376,NULL,NULL
NULL,"869412074480093",0,"2025-10-17 17:33:56.504",46,True,"78782916190A11142136C10337E460057E28E800086E0802D406C4AFB71A34060604FE01004B2DB40012CE1D0D0A",0,0,NULL,NULL,"10.244.79.64",6376,NULL,NULL
NULL,"869412074480093",0,"2025-10-17 17:33:57.457",15,True,"78780A1306060400010013919E0D0A",0,0,NULL,NULL,"10.244.79.64",6376,NULL,NULL
NULL,"869412074480093",0,"2025-10-17 17:34:10.55",46,True,"78782916190A11142208C00337E460057E28E800086E0802D406C4AFB62D16040603FF01004B2DB40014BD7E0D0A",0,0,NULL,NULL,"10.244.79.64",6376,NULL,NULL
NULL,"869412074480093",0,"2025-10-17 17:34:12.101",15,True,"78780A1304060300010015F3CF0D0A",0,0,NULL,NULL,"10.244.79.64",6376,NULL,NULL
NULL,"869412074480093",0,"2025-10-17 17:37:01.582",15,True,"78780A1304060300010016C1540D0A",0,0,NULL,NULL,"10.244.79.64",6376,NULL,NULL
NULL,"869412074480093",0,"2025-10-17 17:37:10.539",15,True,"78780A13050603000100174F080D0A",0,0,NULL,NULL,"10.244.79.64",6376,NULL,NULL
NULL,"869412074480093",0,"2025-10-17 17:41:01.677",15,True,"78780A1305060300010018B7FF0D0A",0,0,NULL,NULL,"10.244.79.64",6376,NULL,NULL
NULL,"869412074480093",0,"2025-10-17 17:41:49.057",46,True,"78782916190A1114292EC00337E460057E28E800086E0802D406C4AFB71A0B070603FE01004B2DB40019A6470D0A",0,0,NULL,NULL,"10.244.79.64",6376,NULL,NULL
NULL,"869412074480093",0,"2025-10-17 17:41:49.693",15,True,"78780A130706030001001AA3560D0A",0,0,NULL,NULL,"10.244.79.64",6376,NULL,NULL
NULL,"869412074480093",0,"2025-10-17 17:41:51.646",15,True,"78780A130606040001001B1DD60D0A",0,0,NULL,NULL,"10.244.79.64",6376,NULL,NULL
NULL,"869412074480093",0,"2025-10-17 17:43:35.765",46,True,"78782916190A11142B21C00337E460057E28E800086E0802D406C4AFB71A34040603FF01004B2DB4001C41420D0A",0,0,NULL,NULL,"10.244.79.64",6376,NULL,NULL
NULL,"869412074480093",0,"2025-10-17 17:43:36.91",15,True,"78780A130406030001001D7F870D0A",0,0,NULL,NULL,"10.244.79.64",6376,NULL,NULL
NULL,"869412074480093",0,"2025-10-17 17:45:01.791",15,True,"78780A130406030001001E4D1C0D0A",0,0,NULL,NULL,"10.244.79.64",6376,NULL,NULL
NULL,"869412074480093",0,"2025-10-17 17:46:35.848",15,True,"78780A130506030001001FC3400D0A",0,0,NULL,NULL,"10.244.79.64",6376,NULL,NULL
NULL,"869412074480093",0,"2025-10-17 17:49:01.894",15,True,"78780A13050603000100200A340D0A",0,0,NULL,NULL,"10.244.79.64",6376,NULL,NULL
NULL,"869412074480093",0,"2025-10-17 17:53:01.99",15,True,"78780A13050603000100211BBD0D0A",0,0,NULL,NULL,"10.244.79.64",6376,NULL,NULL
NULL,"869412074480093",0,"2025-10-17 17:57:02.083",15,True,"78780A130506030001002229260D0A",0,0,NULL,NULL,"10.244.79.64",6376,NULL,NULL
NULL,"869412074480093",0,"2025-10-17 18:01:02.168",15,True,"78780A130506030001002338AF0D0A",0,0,NULL,NULL,"10.244.79.64",6376,NULL,NULL
NULL,"869412074480093",0,"2025-10-17 18:05:02.287",15,True,"78780A13050603000100244C100D0A",0,0,NULL,NULL,"10.244.79.64",6376,NULL,NULL
NULL,"869412074480093",0,"2025-10-17 18:09:02.441",15,True,"78780A13050603000100255D990D0A",0,0,NULL,NULL,"10.244.79.64",6376,NULL,NULL
NULL,"869412074480093",0,"2025-10-17 18:13:02.529",15,True,"78780A13050603000100266F020D0A",0,0,NULL,NULL,"10.244.79.64",6376,NULL,NULL
NULL,"869412074480093",0,"2025-10-17 18:17:02.551",15,True,"78780A13050603000100277E8B0D0A",0,0,NULL,NULL,"10.244.79.64",6376,NULL,NULL
NULL,"869412074480093",0,"2025-10-17 18:21:02.688",15,True,"78780A1305060300010028867C0D0A",0,0,NULL,NULL,"10.244.79.64",6376,NULL,NULL
NULL,"869412074480093",0,"2025-10-17 18:25:02.747",15,True,"78780A130506030001002997F50D0A",0,0,NULL,NULL,"10.244.79.64",6376,NULL,NULL
NULL,"869412074480093",0,"2025-10-17 18:29:02.868",15,True,"78780A130506030001002AA56E0D0A",0,0,NULL,NULL,"10.244.79.64",6376,NULL,NULL
NULL,"869412074480093",0,"2025-10-17 18:33:02.974",15,True,"78780A130506030001002BB4E70D0A",0,0,NULL,NULL,"10.244.79.64",6376,NULL,NULL
NULL,"869412074480093",0,"2025-10-17 18:33:21.964",46,True,"78782916190A11152112C10337E460057E28E800086E0802D406C4AFB71A0B070603FE01004B2DB4002C54C30D0A",0,0,NULL,NULL,"10.244.79.64",6376,NULL,NULL
NULL,"869412074480093",0,"2025-10-17 18:33:22.925",15,True,"78780A130706030001002DE66A0D0A",0,0,NULL,NULL,"10.244.79.64",6376,NULL,NULL
NULL,"869412074480093",0,"2025-10-17 18:33:24.92",15,True,"78780A130606030001002E4B240D0A",0,0,NULL,NULL,"10.244.79.64",6376,NULL,NULL
NULL,"869412074480093",0,"2025-10-17 18:36:22.053",52,True,"78782F32190A11152412C10337E460057E28E800886E02D406C4AF0AB71A16010000004B2DB4056E000780DD422D002FE55E0D0A",0,0,NULL,NULL,"10.244.79.64",6376,NULL,NULL
NULL,"869412074480093",0,"2025-10-17 18:37:03.069",15,True,"78780A1306060300010030B2DB0D0A",0,0,NULL,NULL,"10.244.79.64",6376,NULL,NULL
NULL,"869412074480093",0,"2025-10-17 18:39:22.117",52,True,"78782F32190A11152712C00337E460057E28E800886E02D406C4AF0AB71A0C010000004B2DB4057800078191422D0031BD8A0D0A",0,0,NULL,NULL,"10.244.79.64",6376,NULL,NULL
NULL,"869412074480093",0,"2025-10-17 18:41:03.475",15,True,"78780A1306060400010032A1150D0A",0,0,NULL,NULL,"10.244.79.64",6376,NULL,NULL
NULL,"869412074480093",0,"2025-10-17 18:42:22.198",52,True,"78782F32190A11152A12C10337E460057E28E800886E02D406C4AF0AB71A33010000004B2DB4056E00078245422D0033E0DB0D0A",0,0,NULL,NULL,"10.244.79.64",6376,NULL,NULL
NULL,"869412074480093",0,"2025-10-17 18:43:55.25",46,True,"78782916190A11152B33C10337E460057E28E800086E0802D406C4AFB71A34040603FF01004B2DB4003430E10D0A",0,0,NULL,NULL,"10.244.79.64",6376,NULL,NULL
NULL,"869412074480093",0,"2025-10-17 18:43:56.186",15,True,"78780A1304060300010035D2CD0D0A",0,0,NULL,NULL,"10.244.79.64",6376,NULL,NULL
NULL,"869412074480093",0,"2025-10-17 18:45:03.425",15,True,"78780A1304060400010036D08A0D0A",0,0,NULL,NULL,"10.244.79.64",6376,NULL,NULL
NULL,"869412074480093",0,"2025-10-17 18:46:55.345",15,True,"78780A13050604000100375ED60D0A",0,0,NULL,NULL,"10.244.79.64",6376,NULL,NULL
NULL,"869412074480093",0,"2025-10-17 18:49:03.913",15,True,"78780A130506030001003896FD0D0A",0,0,NULL,NULL,"10.244.79.64",6376,NULL,NULL
NULL,"869412074480093",0,"2025-10-17 18:53:03.463",15,True,"78780A130506030001003987740D0A",0,0,NULL,NULL,"10.244.79.64",6376,NULL,NULL
NULL,"869412074480093",0,"2025-10-17 18:57:03.573",15,True,"78780A130506020001003ABEAB0D0A",0,0,NULL,NULL,"10.244.79.64",6376,NULL,NULL
NULL,"869412074480093",0,"2025-10-17 19:01:04.361",15,True,"78780A130506020001003BAF220D0A",0,0,NULL,NULL,"10.244.79.64",6376,NULL,NULL
NULL,"869412074480093",0,"2025-10-17 19:05:03.774",15,True,"78780A130506020001003CDB9D0D0A",0,0,NULL,NULL,"10.244.79.64",6376,NULL,NULL
NULL,"869412074480093",0,"2025-10-17 19:09:03.885",15,True,"78780A130506020001003DCA140D0A",0,0,NULL,NULL,"10.244.79.64",6376,NULL,NULL
NULL,"869412074480093",0,"2025-10-17 19:13:03.958",15,True,"78780A130506020001003EF88F0D0A",0,0,NULL,NULL,"10.244.79.64",6376,NULL,NULL
NULL,"869412074480093",0,"2025-10-17 19:17:04.072",15,True,"78780A130506030001003FE2420D0A",0,0,NULL,NULL,"10.244.79.64",6376,NULL,NULL
NULL,"869412074480093",0,"2025-10-17 19:21:04.579",15,True,"78780A130506030001004069320D0A",0,0,NULL,NULL,"10.244.79.64",6376,NULL,NULL
NULL,"869412074480093",0,"2025-10-17 19:25:04.258",15,True,"78780A130506030001004178BB0D0A",0,0,NULL,NULL,"10.244.79.64",6376,NULL,NULL
NULL,"869412074480093",0,"2025-10-17 19:29:04.378",15,True,"78780A130506020001004241640D0A",0,0,NULL,NULL,"10.244.79.64",6376,NULL,NULL
NULL,"869412074480093",0,"2025-10-17 19:33:04.42",15,True,"78780A130506020001004350ED0D0A",0,0,NULL,NULL,"10.244.79.64",6376,NULL,NULL
NULL,"869412074480093",0,"2025-10-17 19:37:05.276",15,True,"78780A130506020001004424520D0A",0,0,NULL,NULL,"10.244.79.64",6376,NULL,NULL
NULL,"869412074480093",0,"2025-10-17 19:41:04.69",15,True,"78780A130506020001004535DB0D0A",0,0,NULL,NULL,"10.244.79.64",6376,NULL,NULL
NULL,"869412074480093",0,"2025-10-17 19:43:56.799",52,True,"78782F32190A11162B33C10337E460057E28E800086E02D406C4AF0AB71A0B000000004B2DB4050A000782A2422D0046DE750D0A",0,0,NULL,NULL,"10.244.79.64",6376,NULL,NULL
NULL,"869412074480093",0,"2025-10-17 19:45:04.767",15,True,"78780A130506020001004716C90D0A",0,0,NULL,NULL,"10.244.79.64",6376,NULL,NULL
NULL,"869412074480093",0,"2025-10-17 19:49:05.207",15,True,"78780A1305060200010048EE3E0D0A",0,0,NULL,NULL,"10.244.79.64",6376,NULL,NULL
NULL,"869412074480093",0,"2025-10-17 19:53:04.916",15,True,"78780A1305060200010049FFB70D0A",0,0,NULL,NULL,"10.244.79.64",6376,NULL,NULL
NULL,"869412074480093",0,"2025-10-17 19:57:05.024",15,True,"78780A130506030001004AC6680D0A",0,0,NULL,NULL,"10.244.79.64",6376,NULL,NULL
NULL,"869412074480093",0,"2025-10-17 20:01:05.106",15,True,"78780A130506020001004BDCA50D0A",0,0,NULL,NULL,"10.244.79.64",6376,NULL,NULL
NULL,"869412074480093",0,"2025-10-17 20:05:05.269",15,True,"78780A130506030001004CA35E0D0A",0,0,NULL,NULL,"10.244.79.64",6376,NULL,NULL
NULL,"869412074480093",0,"2025-10-17 20:09:05.321",15,True,"78780A130506030001004DB2D70D0A",0,0,NULL,NULL,"10.244.79.64",6376,NULL,NULL
NULL,"869412074480093",0,"2025-10-17 20:13:05.394",15,True,"78780A130506020001004E8B080D0A",0,0,NULL,NULL,"10.244.79.64",6376,NULL,NULL
NULL,"869412074480093",0,"2025-10-17 20:17:05.496",15,True,"78780A130506020001004F9A810D0A",0,0,NULL,NULL,"10.244.79.64",6376,NULL,NULL
NULL,"869412074480093",0,"2025-10-17 20:21:05.597",15,True,"78780A130506020001005072F70D0A",0,0,NULL,NULL,"10.244.79.64",6376,NULL,NULL
NULL,"869412074480093",0,"2025-10-17 20:25:06.112",15,True,"78780A1305060200010051637E0D0A",0,0,NULL,NULL,"10.244.79.64",6376,NULL,NULL
NULL,"869412074480093",0,"2025-10-17 20:29:05.79",15,True,"78780A13050603000100525AA10D0A",0,0,NULL,NULL,"10.244.79.64",6376,NULL,NULL
NULL,"869412074480093",0,"2025-10-17 20:33:05.887",15,True,"78780A1305060200010053406C0D0A",0,0,NULL,NULL,"10.244.79.64",6376,NULL,NULL
NULL,"869412074480093",0,"2025-10-17 20:37:05.975",15,True,"78780A13050603000100543F970D0A",0,0,NULL,NULL,"10.244.79.64",6376,NULL,NULL
NULL,"869412074480093",0,"2025-10-17 20:41:06.078",15,True,"78780A1305060200010055255A0D0A",0,0,NULL,NULL,"10.244.79.64",6376,NULL,NULL
NULL,"869412074480093",0,"2025-10-17 20:43:58.608",52,True,"78782F32190A11172B33C10337E460057E28E800086E02D406C4AF0AB71A33000000004B2DB404F6000782A2422D0056FAFD0D0A",0,0,NULL,NULL,"10.244.79.64",6376,NULL,NULL
NULL,"869412074480093",0,"2025-10-17 20:45:06.178",15,True,"78780A13050603000100570D0C0D0A",0,0,NULL,NULL,"10.244.79.64",6376,NULL,NULL
NULL,"869412074480093",0,"2025-10-17 20:49:06.257",15,True,"78780A1305060300010058F5FB0D0A",0,0,NULL,NULL,"10.244.79.64",6376,NULL,NULL
NULL,"869412074480093",0,"2025-10-17 20:53:06.36",15,True,"78780A1305060200010059EF360D0A",0,0,NULL,NULL,"10.244.79.64",6376,NULL,NULL
NULL,"869412074480093",0,"2025-10-17 20:57:06.45",15,True,"78780A130506030001005AD6E90D0A",0,0,NULL,NULL,"10.244.79.64",6376,NULL,NULL
NULL,"869412074480093",0,"2025-10-17 21:01:06.598",15,True,"78780A130506020001005BCC240D0A",0,0,NULL,NULL,"10.244.79.64",6376,NULL,NULL
NULL,"869412074480093",0,"2025-10-17 21:05:06.675",15,True,"78780A130506020001005CB89B0D0A",0,0,NULL,NULL,"10.244.79.64",6376,NULL,NULL
NULL,"869412074480093",0,"2025-10-17 21:09:06.749",15,True,"78780A130506030001005DA2560D0A",0,0,NULL,NULL,"10.244.79.64",6376,NULL,NULL
NULL,"869412074480093",0,"2025-10-17 21:13:06.845",15,True,"78780A130506030001005E90CD0D0A",0,0,NULL,NULL,"10.244.79.64",6376,NULL,NULL
NULL,"869412074480093",0,"2025-10-17 21:17:07.389",15,True,"78780A130506030001005F81440D0A",0,0,NULL,NULL,"10.244.79.64",6376,NULL,NULL
NULL,"869412074480093",0,"2025-10-17 21:21:07.04",15,True,"78780A130506020001006043740D0A",0,0,NULL,NULL,"10.244.79.64",6376,NULL,NULL
NULL,"869412074480093",0,"2025-10-17 21:25:07.156",15,True,"78780A130506020001006152FD0D0A",0,0,NULL,NULL,"10.244.79.64",6376,NULL,NULL
NULL,"869412074480093",0,"2025-10-17 21:29:07.248",15,True,"78780A130506020001006260660D0A",0,0,NULL,NULL,"10.244.79.64",6376,NULL,NULL
NULL,"869412074480093",0,"2025-10-17 21:33:07.512",15,True,"78780A130506020001006371EF0D0A",0,0,NULL,NULL,"10.244.79.64",6376,NULL,NULL
NULL,"869412074480093",0,"2025-10-17 21:37:09.098",15,True,"78780A13050603000100640E140D0A",0,0,NULL,NULL,"10.244.79.64",6376,NULL,NULL
NULL,"869412074480093",0,"2025-10-17 21:41:07.538",15,True,"78780A130506020001006514D90D0A",0,0,NULL,NULL,"10.244.79.64",6376,NULL,NULL
NULL,"869412074480093",0,"2025-10-17 21:44:00.095",52,True,"78782F32190A12002B33C10337E460057E28E800086E02D406C4AF0AB71A0B000000004B2DB404F6000782A2422D0066ADAB0D0A",0,0,NULL,NULL,"10.244.79.64",6376,NULL,NULL
NULL,"869412074480093",0,"2025-10-17 21:45:07.613",15,True,"78780A130506020001006737CB0D0A",0,0,NULL,NULL,"10.244.79.64",6376,NULL,NULL
NULL,"869412074480093",0,"2025-10-17 21:49:07.697",15,True,"78780A1305060200010068CF3C0D0A",0,0,NULL,NULL,"10.244.79.64",6376,NULL,NULL
NULL,"869412074480093",0,"2025-10-17 21:53:07.851",15,True,"78780A1305060200010069DEB50D0A",0,0,NULL,NULL,"10.244.79.64",6376,NULL,NULL
NULL,"869412074480093",0,"2025-10-17 21:57:07.905",15,True,"78780A130506020001006AEC2E0D0A",0,0,NULL,NULL,"10.244.79.64",6376,NULL,NULL
NULL,"869412074480093",0,"2025-10-17 22:01:08.005",15,True,"78780A130506020001006BFDA70D0A",0,0,NULL,NULL,"10.244.79.64",6376,NULL,NULL
NULL,"869412074480093",0,"2025-10-17 22:05:08.105",15,True,"78780A130506020001006C89180D0A",0,0,NULL,NULL,"10.244.79.64",6376,NULL,NULL
NULL,"869412074480093",0,"2025-10-17 22:09:08.246",15,True,"78780A130506020001006D98910D0A",0,0,NULL,NULL,"10.244.79.64",6376,NULL,NULL
NULL,"869412074480093",0,"2025-10-17 22:13:08.296",15,True,"78780A130506020001006EAA0A0D0A",0,0,NULL,NULL,"10.244.79.64",6376,NULL,NULL
NULL,"869412074480093",0,"2025-10-17 22:17:08.394",15,True,"78780A130506020001006FBB830D0A",0,0,NULL,NULL,"10.244.79.64",6376,NULL,NULL
NULL,"869412074480093",0,"2025-10-17 22:21:09.135",15,True,"78780A130506020001007053F50D0A",0,0,NULL,NULL,"10.244.79.64",6376,NULL,NULL
NULL,"869412074480093",0,"2025-10-17 22:25:08.584",15,True,"78780A1305060200010071427C0D0A",0,0,NULL,NULL,"10.244.79.64",6376,NULL,NULL
NULL,"869412074480093",0,"2025-10-17 22:29:08.668",15,True,"78780A130506020001007270E70D0A",0,0,NULL,NULL,"10.244.79.64",6376,NULL,NULL
NULL,"869412074480093",0,"2025-10-17 22:33:08.759",15,True,"78780A1305060200010073616E0D0A",0,0,NULL,NULL,"10.244.79.64",6376,NULL,NULL
NULL,"869412074480093",0,"2025-10-17 22:37:08.849",15,True,"78780A130506020001007415D10D0A",0,0,NULL,NULL,"10.244.79.64",6376,NULL,NULL
NULL,"869412074480093",0,"2025-10-17 22:41:08.936",15,True,"78780A130506020001007504580D0A",0,0,NULL,NULL,"10.244.79.64",6376,NULL,NULL
NULL,"869412074480093",0,"2025-10-17 22:44:01.029",52,True,"78782F32190A12012B33C10337E460057E28E800086E02D406C4AF0AB71A0B000000004B2DB404F6000782A2422D007623FD0D0A",0,0,NULL,NULL,"10.244.79.64",6376,NULL,NULL
NULL,"869412074480093",0,"2025-10-17 22:45:09.044",15,True,"78780A1305060200010077274A0D0A",0,0,NULL,NULL,"10.244.79.64",6376,NULL,NULL
NULL,"869412074480093",0,"2025-10-17 22:49:09.152",15,True,"78780A1305060200010078DFBD0D0A",0,0,NULL,NULL,"10.244.79.64",6376,NULL,NULL
NULL,"869412074480093",0,"2025-10-17 22:53:09.94",15,True,"78780A1305060200010079CE340D0A",0,0,NULL,NULL,"10.244.79.64",6376,NULL,NULL
NULL,"869412074480093",0,"2025-10-17 22:57:09.38",15,True,"78780A130506030001007AF7EB0D0A",0,0,NULL,NULL,"10.244.79.64",6376,NULL,NULL
NULL,"869412074480093",0,"2025-10-17 23:01:09.434",15,True,"78780A130506030001007BE6620D0A",0,0,NULL,NULL,"10.244.79.64",6376,NULL,NULL
NULL,"869412074480093",0,"2025-10-17 23:05:11.112",15,True,"78780A130506030001007C92DD0D0A",0,0,NULL,NULL,"10.244.79.64",6376,NULL,NULL
NULL,"869412074480093",0,"2025-10-17 23:09:09.63",15,True,"78780A130506030001007D83540D0A",0,0,NULL,NULL,"10.244.79.64",6376,NULL,NULL
NULL,"869412074480093",0,"2025-10-17 23:13:09.735",15,True,"78780A130506030001007EB1CF0D0A",0,0,NULL,NULL,"10.244.79.64",6376,NULL,NULL
NULL,"869412074480093",0,"2025-10-17 23:17:09.818",15,True,"78780A130506030001007FA0460D0A",0,0,NULL,NULL,"10.244.79.64",6376,NULL,NULL
NULL,"869412074480093",0,"2025-10-17 23:21:09.913",15,True,"78780A1305060300010080AF3E0D0A",0,0,NULL,NULL,"10.244.79.64",6376,NULL,NULL
NULL,"869412074480093",0,"2025-10-17 23:25:10.009",15,True,"78780A1305060300010081BEB70D0A",0,0,NULL,NULL,"10.244.79.64",6376,NULL,NULL
NULL,"869412074480093",0,"2025-10-17 23:29:10.115",15,True,"78780A13050603000100828C2C0D0A",0,0,NULL,NULL,"10.244.79.64",6376,NULL,NULL
NULL,"869412074480093",0,"2025-10-17 23:33:10.712",15,True,"78780A13050603000100839DA50D0A",0,0,NULL,NULL,"10.244.79.64",6376,NULL,NULL
NULL,"869412074480093",0,"2025-10-17 23:37:10.304",15,True,"78780A1305060300010084E91A0D0A",0,0,NULL,NULL,"10.244.79.64",6376,NULL,NULL
NULL,"869412074480093",0,"2025-10-17 23:41:10.399",15,True,"78780A1305060300010085F8930D0A",0,0,NULL,NULL,"10.244.79.64",6376,NULL,NULL
NULL,"869412074480093",0,"2025-10-17 23:44:02.479",52,True,"78782F32190A12022B33C10337E460057E28E800086E02D406C4AF0AB71A0B000000004B2DB40500000782A2422D0086DD3B0D0A",0,0,NULL,NULL,"10.244.79.64",6376,NULL,NULL
NULL,"869412074480093",0,"2025-10-17 23:45:10.509",15,True,"78780A1305060300010087DB810D0A",0,0,NULL,NULL,"10.244.79.64",6376,NULL,NULL
NULL,"869412074480093",0,"2025-10-17 23:49:10.598",15,True,"78780A130506030001008823760D0A",0,0,NULL,NULL,"10.244.79.64",6376,NULL,NULL
NULL,"869412074480093",0,"2025-10-17 23:53:10.704",15,True,"78780A130506030001008932FF0D0A",0,0,NULL,NULL,"10.244.79.64",6376,NULL,NULL
NULL,"869412074480093",0,"2025-10-17 23:57:10.803",15,True,"78780A130506030001008A00640D0A",0,0,NULL,NULL,"10.244.79.64",6376,NULL,NULL
